ID,페이지,섹션,한국어,영어,영어(모바일용 카피),모바일 적용 조건,메모,실무자 의견,영어(PC 확정본),영어(모바일 확정본),확인자,행 유형
index-1iucxck35,메인,0 문서 머리 (<head>),B-CITY · 춘천기업혁신파크 (title · og:title),B-CITY · Chuncheon Enterprise Innovation Park,,,,,,,,번역 문구
index-1j750ff32,메인,0 문서 머리 (<head>),B-CITY 춘천기업혁신파크 (og:site_name),B-CITY Chuncheon Enterprise Innovation Park,,,,,,,,번역 문구
index-7y4ygj74,메인,0 문서 머리 (<head>),강원 춘천에 조성되는 기업혁신파크 선도사업 B-CITY(비시티). AI 데이터센터와 바이오·푸드·MICE 클러스터가 함께하는 자족도시입니다. (78자),"B-CITY, an Enterprise Innovation Park project in Chuncheon, Gangwon State, Korea, is planned as a self-sufficient city connecting AI data centers, biotech, foodtech and MICE.",,,메타 설명은 완성된 도시보다 조성 중인 사업으로 표현. bio 단독 표기를 풀어 쓴다. 한국어 80자 기준을 영어에 그대로 적용하지 않는다.,,,,,번역 문구
index-20fpka23,메인,1 히어로 (#hero),B-CITY 춘천기업혁신파크 (아이브로우),B-CITY Chuncheon Enterprise Innovation Park,,,,,,,,번역 문구
index-dubopd30,메인,1 히어로 (#hero),서부개척 시대의 골드러시가 / 21세기 데이터 러시로,Just like the Gold Rush / the 21c Data Rush is coming,,메인 제목용. 서부개척·골드러시·21세기 데이터 러시의 전환 의미 유지. /는 줄바꿈 제안이며 화면에 출력하지 않음.,기존 reborn as는 원문에 없는 재탄생 표현. from–to 구조로 역사적 전환을 명확히 하고 줄 길이를 줄인다. /는 줄바꿈 제안이며 실제 표시 문자가 아니다. 모바일 축약안은 이번 CSV에서 추가 검토 대상으로 작성.,,,,,번역 문구
index-1opl9eo28,메인,1 히어로 (#hero),AI 데이터를 중심으로 한 새로운 기회의 도시가 춘천에 탄생합니다,A new city of opportunity powered by AI and data technology is taking shape in Chuncheon.,"A city of opportunity powered by AI and data, taking shape in Chuncheon.",AI 데이터를 AI와 데이터산업으로 설명하는 방향에 대한 국문 의도 확인 후 적용.,AI data만 쓰면 AI 학습 데이터만을 뜻하는 것처럼 좁아질 수 있다. 원문 의도가 AI와 데이터산업인지 확인한 뒤 적용. 모바일 축약안은 이번 CSV에서 추가 검토 대상으로 작성.,,,,,번역 문구
index-16yjzvd7,메인,1 히어로 (#hero),도시 살펴보기 →,Explore the city →,,,,,,,,번역 문구
index-2x6mwp15,메인,2 입지 (#location),01 LOCATION · 입지,01 LOCATION,,,,,,,,번역 문구
index-uc27175,메인,2 입지 (#location),자세히 보기,Learn more,,,상세 설명 페이지 이동은 Learn more로 통일. 추가 목록을 펼치는 기능이면 See more 유지.,,,,,번역 문구
index-19dhmht23,메인,2 입지 (#location),* 교통량 및 도로사정에 따라 차이가 발생할 수 있습니다,* Times may vary with traffic and road conditions,,,,,,,,번역 문구
index-zyzhpq23,메인,2 입지 (#location),입지 소개 단계 (nav aria-label),Location highlights,,,,,,,,번역 문구
index-178qbsd18,메인,페이지 01 — 수도권 생활권,"서울 잠실에서 40분, / 남춘천 IC 3분","40 min from Jamsil, Seoul / 3 min from Namchuncheon IC",,,제목에서는 min을 사용하고 출발점과 소요시간을 한 덩어리로 유지. 모바일에서 두 줄로 고정되지 않을 수 있다.,,,,,번역 문구
index-413yxf26,메인,페이지 01 — 수도권 생활권,제2경춘고속화도로와 GTX-B로 완성되는 수도권 생활권,Enhanced Seoul metropolitan access via the planned 2nd Gyeongchun Expressway and GTX-B extension,Planned links to the Seoul metropolitan area,요약 제목용. 제2경춘국도·GTX-B 춘천 연장선 명칭과 예정 상태를 바로 아래 설명/지도에서 유지. 도로 정식명 및 계획 구간 확인 후 적용.,"✅ 「제2경춘고속화도로 · 2nd Gyeongchun Expressway」로 확정(2026-09-14). National Road·Highway 안 씁니다. / commuter belt는 통근권으로 범위를 좁히며 completed by는 어색하다. 국도와 Expressway 혼용 정리, GTX-B 본선과 춘천 연장 구분. 사업상 공식 영문명이 있으면 우선 적용. 모바일 축약안은 이번 CSV에서 추가 검토 대상으로 작성.",,,,,번역 문구
index-1uhpidd18,메인,페이지 01 — 수도권 생활권,잠실 · 서울양양고속도로 40분,Jamsil · Seoul–Yangyang Expressway 40 min,,,,,,,,번역 문구
index-1s9zw9b25,메인,페이지 01 — 수도권 생활권,중랑IC · 제2경춘고속화도로(예정) 45분,Jungnang IC · 2nd Gyeongchun Expressway (planned) · 45 min,,,✅ 「제2경춘고속화도로 · 2nd Gyeongchun Expressway」로 확정(2026-09-14). National Road·Highway 안 씁니다. / 같은 제2경춘 도로를 Highway / Expressway / National Road로 혼용하지 않는다. 경로·출발점·시간의 사실관계는 별도 교통 근거 확인. (1차 ID index-15ahs4l22),,,,,번역 문구
index-50u1dy20,메인,페이지 01 — 수도권 생활권,서울역 · GTX-B(예정) 50분,Seoul Station · GTX-B (planned) 50 min,,,,,,,,번역 문구
index-trdo5914,메인,페이지 01 — 수도권 생활권,청량리 · ITX 55분,Cheongnyangni · ITX 55 min,,,,,,,,번역 문구
index-9fnz6715,메인,페이지 01 — 수도권 생활권,01 수도권 생활권 (탭),01 Seoul metro access,,,Capital-region belt는 자연스럽지 않고 생활권의 뜻이 모호하다. 탭은 접근성을 전달하는 짧은 기능명으로 제안.,,,,,번역 문구
index-bfzzzt20,메인,페이지 02 — 초광역 경제권,'강원형 바이오·헬스 / 초광역 경제권' 구축,A connected biohealth economy across Gangwon,A connected biohealth economy across Gangwon,요약 제목용. 초광역 경제권 조성이라는 계획 의미와 연계 지역은 본문에 유지.,mega-region만으로는 경제권의 의미가 빠진다. 초광역의 정책적 범위를 설명 문장에서 보완. 모바일 축약안은 이번 CSV에서 추가 검토 대상으로 작성.,,,,,번역 문구
index-1it910q51,메인,페이지 02 — 초광역 경제권,"원주, 강릉, 평창의 인프라와 연계해 정밀의료 분야 융복합 기술개발 / 및 시너지 창출을 위한 거점화를 추진합니다","B-CITY aims to connect infrastructure in Wonju, Gangneung and Pyeongchang to advance interdisciplinary R&D in precision medicine.","Connecting Wonju, Gangneung and Pyeongchang for precision-medicine R&D.",요약 문구용. 인프라 연계·융복합 연구·거점 추진이라는 상세 내용은 펼침 본문에 유지. 이미 협력체계가 완성되었다는 뜻으로 사용하지 않음.,the synergies it creates는 내용 없이 길이를 늘린다. 추진합니다는 aims to로 계획 단계 유지. 모바일 축약안은 이번 CSV에서 추가 검토 대상으로 작성.,,,,,번역 문구
index-1uobeyr9,메인,페이지 02 — 초광역 경제권,#춘천_AI바이오,#Chuncheon_AIBio,,,,,,,,번역 문구
index-q9jryn8,메인,페이지 02 — 초광역 경제권,#원주_의료기기,#Wonju_MedicalDevices,,,,,,,,번역 문구
index-1lxbhsd10,메인,페이지 02 — 초광역 경제권,#강릉_천연물바이오,#Gangneung_NaturalProducts,,,,,,,,번역 문구
index-h9uau79,메인,페이지 02 — 초광역 경제권,#평창_그린바이오,#Pyeongchang_GreenBio,,,,,,,,번역 문구
index-1708gtc15,메인,페이지 02 — 초광역 경제권,02 초광역 경제권 (탭),02 Regional economy,,,Mega-region은 전문용어를 모르는 방문자에게 기능이 불명확. 경제권 탭임을 전달.,,,,,번역 문구
index-bujcf421,메인,페이지 03 — 글로벌 게이트웨이,"글로벌 비즈니스의 / 새로운 거점, B-CITY","B-CITY, a new base for global business",,,,,,,,번역 문구
index-rl1ect26,메인,페이지 03 — 글로벌 게이트웨이,한국과 세계를 잇는 첨단 바이오 비즈니스의 글로벌 게이트웨이,A global gateway connecting Korea’s biotechnology industry with the world,Connecting Korea’s biotech industry with the world,뜻을 유지한 축약안. 실제 영문 화면에서 넘침·과도한 줄바꿈이 있을 때만 적용하고 모바일 줄 수를 재검증.,advanced bio business는 직역투. 바이오 산업을 biotechnology industry로 명료화. 모바일 축약안은 이번 CSV에서 추가 검토 대상으로 작성.,,,,,번역 문구
index-10ixx2a13,메인,페이지 03 — 글로벌 게이트웨이,양양국제공항 60분,Yangyang Int’l Airport 60 min,,,,,,,,번역 문구
index-1h2g8gt11,메인,페이지 03 — 글로벌 게이트웨이,김포공항 80분,Gimpo Airport 80 min,,,,,,,,번역 문구
index-150vawi10,메인,페이지 03 — 글로벌 게이트웨이,속초항 90분,Sokcho Port 90 min,,,,,,,,번역 문구
index-1ynvlco11,메인,페이지 03 — 글로벌 게이트웨이,동해항 120분,Donghae Port 120 min,,,,,,,,번역 문구
index-qiheb417,메인,페이지 03 — 글로벌 게이트웨이,03 글로벌 게이트웨이 (탭),03 Global gateway,,,,,,,,번역 문구
index-1fgygsy17,메인,3 사업개요 (#business),02 OVERVIEW · 사업개요,02 OVERVIEW,,,,,,,,번역 문구
index-1jk652525,메인,3 사업개요 (#business),국토교통부 주관의 / 민간기업 중심 도시개발 사업,"Private-sector-led urban development / under the Ministry of Land, Infrastructure and Transport",Private-sector-led urban development / under MOLIT,"MOLIT 정식명 Ministry of Land, Infrastructure and Transport를 같은 섹션의 설명에서 반드시 제공. /는 줄바꿈 제안.",Ministry of Land는 공식 기관명 불완전. 제목 축약 시 아래 본문에서 정식 명칭을 표시해야 한다. 모바일 축약안은 이번 CSV에서 추가 검토 대상으로 작성.,,,,,번역 문구
index-1oxx5c766,메인,3 사업개요 (#business),"총 사업비 약 1.1조원의 대규모 국가도시개발 프로젝트로, 총 면적 약 110만평(여의도 면적 1.25배 규모)의 부지 위에 혁신 생태계가 만들어집니다","A national urban development project of about KRW 1.1 trillion, building an innovation ecosystem on roughly 3.63 km² — 1.25 times the area of Yeouido",Approx. KRW 1.1 trillion / Across approx. 3.63 km²,지표 요약용. 국가 도시개발·혁신 생태계와 여의도 1.25배 설명은 인접 본문에 유지. 정확한 면적은 원본 확인 후 적용., 모바일 축약안은 이번 CSV에서 추가 검토 대상으로 작성.,,,,,번역 문구
index-q3ii4x29,메인,3 사업개요 (#business),2024년 바이오 분야 / 국가첨단전략산업 특화단지 지정,Designated in 2024 as a National High-Tech Strategic Industry Specialized Complex for bio,,,,,,,,번역 문구 · 신규
index-4vo99774,메인,3 사업개요 (#business),"정부가 보증하고 전폭적으로 지원하는 범국가적 프로젝트입니다. 인허가 패스트트랙부터 최대 규모 세제 혜택까지, 성공적 비즈니스를 위한 전방위적 특구 지원이 제공됩니다.","A nationwide project backed and fully supported by the government. From fast-track permitting to tax relief at the largest scale available, special-zone support covers every stage of doing business here.",,,전폭적 지원·최대규모·정부 보증은 국문부터 적용 범위와 근거 확인 필요. backed를 guaranteed로 강화하지 않는다. 확인된 지원 조건만 영문에 반영.,,,,,번역 문구
index-xsn7p214,메인,지표 4종 (.ov-stat · 카운트업),1.1 조원 / 총 사업비,KRW 1.1 trillion / Total project cost,KRW 1.1T / Project cost,T = trillion을 인접 설명 또는 접근성 이름에서 명시. 카운트업 숫자와 통화·단위는 분리해 적용.,통화는 won / KRW 혼용보다 KRW 기준으로 통일. 카운트업은 숫자 1.1과 통화·단위를 별도 요소로 처리. 모바일 축약안은 이번 CSV에서 추가 검토 대상으로 작성.,,,,,번역 문구
index-1dtrvnh24,메인,지표 4종 (.ov-stat · 카운트업),110 만평 / 총 사업 면적 · 여의도 1.25배,3.63 km² / Total site area · 1.25× Yeouido,,,,,,,,번역 문구
index-if86fd22,메인,지표 4종 (.ov-stat · 카운트업),8 개 권역 / 4대 클러스터 + 4대 콤플렉스,8 districts / 4 clusters + 4 complexes,,,,,,,,번역 문구
index-1dvjh421,메인,지표 4종 (.ov-stat · 카운트업),435 MW / AI 데이터센터 최대 용량,435 MW / Maximum planned AI Data Center capacity,,,"Peak는 순간 피크 부하를 연상시켜 최대 계획 용량과 다르다. 435 MW가 수전용량인지 IT 부하인지, 캠퍼스 전체인지 개별 센터인지 확인 후 라벨 확정.",,,,,번역 문구
index-1b2u5lk48,메인,4 도시 컨셉 (#concept),"AI를 기반으로 BIO‧로보틱스 산업이 성장하는 / AI Platform, B-CITY","AI-driven growth in biotech and robotics / B-CITY, an AI Platform","AI-driven biotech and robotics / B-CITY, an AI Platform",AI를 기반으로 산업이 성장한다는 상세 설명을 인접 본문에 유지. 승인된 AI Living Lab 명칭 유지.,⚠ 국문이 「AI Platform」으로 확정(2026-09-14). 또 바뀔 수 있습니다. / Where AI grows bio는 부자연스럽다. 컨셉 페이지와 제목을 통일한다. 모바일 축약안은 이번 CSV에서 추가 검토 대상으로 작성. (1차 ID index-1bnvu7349),,,,,번역 문구
index-mje7m033,메인,4 도시 컨셉 (#concept),데이터 · 바이오 · PHYSICAL AI · 식품이 연결된 미래산업 혁신 허브,"Connecting data, biotechnology, physical AI and food in one innovation hub","Data, biotech, physical AI and food, connected.",요약 문구용. 미래산업 혁신 허브라는 의미는 해당 섹션 제목이나 인접 설명에 남김.,future industry보다 구체적 산업 연결을 앞세우면 같은 의미를 짧게 전달한다. 모바일 축약안은 이번 CSV에서 추가 검토 대상으로 작성.,,,,,번역 문구
index-xmp4df41,메인,4 도시 컨셉 (#concept),AI DATA / 최대 435MW 하이퍼스케일 데이터센터를 / 기반으로 한 컴퓨팅 인프라,AI DATA / Computing infrastructure built around a planned hyperscale data center campus with up to 435 MW of power supply capacity,,,개별 센터마다 435 MW인지 전체 합산인지 모호. 전체 캠퍼스 수치 확인 후 사용. 공개 가능한 수치의 최종 승인본과 대조.,,,,,번역 문구
index-18x2kba45,메인,4 도시 컨셉 (#concept),BIO INDUSTRY / BIT 융합·CDMO·정밀의료로 이어지는 첨단 / 바이오 산업 거점,"BIO INDUSTRY / A hub linking biotech–IT integration, CDMO services and precision medicine","BIO INDUSTRY / Biotech–IT, CDMO and precision medicine",BIT의 정의 확인 후 적용. CDMO 정식 의미와 산업 거점 설명은 인접 상세에 제공.,BIT는 본문에서 설명 없이 이해하기 어렵다. BT+IT 의미 확인 후 풀어 쓰며 CDMO는 첫 노출에 정식 명칭 또는 인접 용어 설명 제공. 모바일 축약안은 이번 CSV에서 추가 검토 대상으로 작성.,,,,,번역 문구
index-18nztq138,메인,4 도시 컨셉 (#concept),PHYSICAL AI / 로보틱스 · 스마트 모빌리티 · AI자동화 실증 / 및 구현,"PHYSICAL AI / Demonstration and deployment of robotics, smart mobility and AI automation","PHYSICAL AI / Robotics, mobility and AI automation",요약 카드용. 스마트 모빌리티 및 실증·구현이라는 기능은 상세 설명에 반드시 유지., 모바일 축약안은 이번 CSV에서 추가 검토 대상으로 작성.,,,,,번역 문구
index-1i31yzp43,메인,4 도시 컨셉 (#concept),FOOD CLUSTER / 콜드체인 물류 허브 기반 스마트팜·푸드테크 / 융합 식품 산업 거점,"FOOD CLUSTER / A hub connecting smart farming, food technology and cold-chain logistics","FOOD CLUSTER / Smart farming, food tech and cold-chain logistics",요약 카드용. 식품산업 거점이라는 의미는 상위 제목 또는 상세 설명에 유지.,joining ... on a ... base는 직역투. 같은 구성 요소를 병렬로 정리. 모바일 축약안은 이번 CSV에서 추가 검토 대상으로 작성.,,,,,번역 문구
index-1tqiymb23,메인,5 구역 개요 (#zones),8개 권역이 하나의 도시 생태계를 완성합니다,"Eight districts, one city ecosystem",,,,,,,,번역 문구
index-1gav1m852,메인,5 구역 개요 (#zones),"AI·BIO·FOOD·MICE 4대 클러스터 + 비즈니스·하우징·에듀·골프레저 4대 콤플렉스, 총 110만평",Four clusters and four complexes across 3.63 km²,4 clusters + 4 complexes / Across 3.63 km²,8개 권역명이 같은 화면 또는 접근 가능한 상세에 모두 있을 때만 사용. 면적 원본 확인 후 적용.,이미 인접 지도에서 8개 이름을 제시하면 리드 문장의 중복 나열을 줄일 수 있다. 이름 목록이 없는 화면에서는 기존 8개 구성 정보를 유지. 모바일 축약안은 이번 CSV에서 추가 검토 대상으로 작성.,,,,,번역 문구
index-1nbe17e7,메인,5 구역 개요 (#zones),권역별 면적 구성,Area by district,,,,,,,,번역 문구
index-1ipnf9c2,메인,5 구역 개요 (#zones),합계,Total,,,,,,,,번역 문구
index-12af9618,메인,5 구역 개요 (#zones),권역부지 65만평 / 110만평,District land 2.16 km² / 3.63 km²,,,"65만평 자체를 환산하면 약 2.15 km²이며 65.2만평은 약 2.16 km²다. 8개 권역 상세 면적 합계는 2,156,022 m². 반올림된 평 수치에서 역산하지 말고 상세 면적을 정본으로 통일.",,,,,번역 문구
index-1adpqvq16,메인,5 구역 개요 (#zones),"* 하천, 공원, 녹지 등 45만 평 제외","* Excludes 1.49 km² of rivers, parks and green space",,,"현재 2.16 + 1.49 = 3.65 km²로 총 3.63과 어긋난다. 상세 총면적 3,632,899 m²에서 권역 합계 2,156,022 m²를 빼면 1,476,877 m². 정확한 m²로 합계를 표시하고 개략 평 수치를 역산하지 않는다. 각각 km² 두 자리로 반올림하면 2.16 + 1.48 = 3.64가 되므로 반올림 차이도 안내하거나 정밀값을 사용.",,,,,번역 문구
index-n6wcm369,메인,5 구역 개요 (#zones),"※ 상기 계획(안)은 국토교통부 통합개발계획 접수(안) 기준으로 작성된 것으로, 추후 사업 주체 또는 관계 기관 사정, 인허가 과정 등에 따라 변경될 수 있습니다.","* The plan shown is based on the integrated development plan as filed with the Ministry of Land, Infrastructure and Transport. It may change with the circumstances of the developer or relevant authorities, or through the permitting process.",,,,,,,,번역 문구
index-17fqw6c24,메인,5 구역 개요 (#zones),구역 선택 (dzDots aria-label),Select a district,,,,,,,,번역 문구
index-r3sps424,메인,5 구역 개요 (#zones),섹션 이동 (dotNav aria-label),Jump to section,,,,,,,,번역 문구
index-d9z77711,메인,areas 배열 (카드 8장 · 카운트업),AI 데이터 / 6.2만평,AI Data,,,⚠ 1차 CSV 에 없던 행 — 이번에 처음 봐 주세요.,,,,,번역 문구 · 신규
index-kjqxyr9,메인,areas 배열 (카드 8장 · 카운트업),바이오 / 8.2만평,Bio,,,⚠ 1차 CSV 에 없던 행 — 이번에 처음 봐 주세요.,,,,,번역 문구 · 신규
index-lkquzl8,메인,areas 배열 (카드 8장 · 카운트업),푸드 / 4.2만평,Food,,,⚠ 1차 CSV 에 없던 행 — 이번에 처음 봐 주세요.,,,,,번역 문구 · 신규
index-34omx513,메인,areas 배열 (카드 8장 · 카운트업),바이오 MICE / 3.9만평,Bio MICE,,,⚠ 1차 CSV 에 없던 행 — 이번에 처음 봐 주세요.,,,,,번역 문구 · 신규
index-7g3tgp10,메인,areas 배열 (카드 8장 · 카운트업),비즈니스 / 1.7만평,Business,,,⚠ 1차 CSV 에 없던 행 — 이번에 처음 봐 주세요.,,,,,번역 문구 · 신규
index-wx4egs9,메인,areas 배열 (카드 8장 · 카운트업),하우징 / 9.7만평,Housing,,,⚠ 1차 CSV 에 없던 행 — 이번에 처음 봐 주세요.,,,,,번역 문구 · 신규
index-1fky13w8,메인,areas 배열 (카드 8장 · 카운트업),에듀 / 2.7만평,Education,,,⚠ 1차 CSV 에 없던 행 — 이번에 처음 봐 주세요.,,,,,번역 문구 · 신규
index-12kpqhy11,메인,areas 배열 (카드 8장 · 카운트업),골프레저 / 28.5만평,Golf & Leisure,,,⚠ 1차 CSV 에 없던 행 — 이번에 처음 봐 주세요.,,,,,번역 문구 · 신규
index-5u34i510,메인,6 구역소개 (#districts · zones 배열),구역소개 (h2),Districts,,,,,,,,번역 문구
index-1k5cos19,메인,6 구역소개 (#districts · zones 배열),클러스터 (탭),Clusters,,,,,,,,번역 문구
index-1owlvoa9,메인,6 구역소개 (#districts · zones 배열),콤플렉스 (탭),Complexes,,,,,,,,번역 문구
index-uc27175-1,메인,6 구역소개 (#districts · zones 배열),자세히 보기,Learn more,,,상세 설명 페이지 이동은 Learn more로 통일. 추가 목록을 펼치는 기능이면 See more 유지.,,,,,번역 문구
index-7qm29a26,메인,6 구역소개 (#districts · zones 배열),{권역명} 자세히 보기 (aria-label),See more about {district},,,,,,,,번역 문구
index-1ccwi9h4,메인,6 구역소개 (#districts · zones 배열),부지 개요,Site profile,,,,,,,,번역 문구
index-wy93zt26,메인,6 구역소개 (#districts · zones 배열),{n}페이지로 이동 (점 aria-label),Go to item {n},,,,,,,,번역 문구
index-15bat3310,메인,7 홍보센터 (#pr),홍보센터 (h2),News & Media,,,"PR Center는 이해 가능하나 외국인 방문자의 뉴스·영상·자료 탐색에는 News & Media가 더 명확. 메인, 메뉴, 브레드크럼, 제목을 함께 통일.",,,,,번역 문구
index-s8yhad28,메인,7 홍보센터 (#pr),언론보도 / B-CITY의 최신 소식을 언론 기사로 만나보세요.,Media coverage / The latest news about B-CITY in the media.,,,Press는 언론인용 자료실이나 보도자료로도 읽힌다. 기사 목록의 제목과 내용은 Media coverage가 더 정확. 짧은 메뉴 Press는 유지 가능.,,,,,번역 문구
index-1m419db19,메인,7 홍보센터 (#pr),홍보영상 / 도시의 비전을 담은 영상 콘텐츠.,Videos / Discover the vision for B-CITY.,,,Video that carries the city’s vision은 직역투. 영상 카드에 맞게 짧게 정리.,,,,,번역 문구
index-hnjtfb21,메인,7 홍보센터 (#pr),갤러리 / B-CITY의 조감도와 현장 이미지.,Gallery / Renderings and site photography of B-CITY.,,,,,,,,번역 문구
index-10dpunp5,메인,7 홍보센터 (#pr),바로가기 →,View →,,,Go만으로는 목적이 약함. 카드별로 Read / Watch / View를 쓸 수 있으나 링크 접근성 이름은 목적 콘텐츠 포함.,,,,,번역 문구
index-82tr7v5,메인,7 홍보센터 (#pr),공지사항 →,Notices →,,,,,,,,번역 문구
index-edhvui10,메인,7 홍보센터 (#pr),B-CITY 발행물 →,B-CITY publications →,,,,,,,,번역 문구
index-1lsh5ku41,메인,8 푸터,대한민국 AI·바이오 산업의 중심에서 / 글로벌 경쟁력을 갖춘 혁신 생태계를 완성합니다,Building a globally competitive innovation ecosystem / at the heart of Korea’s AI and biotechnology industries,A globally competitive ecosystem for Korea’s AI and biotech industries,요약 푸터 카피. 조성 중인 비전임을 주변 내용에서 유지하며 완성·실적 보장으로 사용하지 않음.,현재 문구는 At ... completing ...으로 주어와 문장이 불안정하다. 슬로건형 동명사 구조로 정리. 모바일 축약안은 이번 CSV에서 추가 검토 대상으로 작성.,,,,,번역 문구
index-i2pdqj8,메인,8 푸터,참여기관 & 파트너,Participating organizations & partners,Organizations & partners,뜻을 유지한 축약안. 실제 영문 화면에서 넘침·과도한 줄바꿈이 있을 때만 적용하고 모바일 줄 수를 재검증.,참여기관이 전부 authorities인 것은 아니다. 정부기관·기업을 함께 아우르는 표현. 모바일 축약안은 이번 CSV에서 추가 검토 대상으로 작성.,,,,,번역 문구
index-m255z516,메인,8 푸터,바이오테크 이노밸리 PFV,Biotech Innovalley PFV,,,,,,,,번역 문구
index-p107b622,메인,8 푸터,주소 : 서울특별시 광진구 자양로58 태림빌딩 3층,"Address: 3F Taerim Bldg., 58 Jayang-ro, Gwangjin-gu, Seoul, Republic of Korea",,,,,,,,번역 문구
index-ss97ky20,메인,8 푸터,사업자등록번호 : 883-81-03982,Business registration no.: 883-81-03982,,,,,,,,번역 문구
index-vzh9b741,메인,8 푸터,"* 본 홈페이지에 사용된 영상, 사진 및 이미지 등은 소비자의 이해를 돕기 위한 것으로 변경될 수 있음","* Video, photography and images on this site are provided to aid understanding and are subject to change",,,,,,,,번역 문구
index-1st1odu32,메인,8 푸터,* 본 홈페이지에서 제공되는 정보는 향후 사업추진 상황에 따라 변경될 수 있음,* Information on this site may change as the project proceeds,,,,,,,,번역 문구
index-1z0qie521,메인,8 푸터,푸터 메뉴 (nav aria-label),Footer menu,,,,,,,,번역 문구
index-757l5h4,메인,8 푸터,회사소개,About Us,,,,,,,,번역 문구
index-1h0miud8,메인,8 푸터,개인정보처리방침,Privacy Policy,,,,,,,,번역 문구
index-1p299j95,메인,파트너 로고 (partners 배열 · alt),국토교통부,"Ministry of Land, Infrastructure and Transport",,,,,,,,번역 문구
index-1bl6e8b7,메인,파트너 로고 (partners 배열 · alt),강원특별자치도,Gangwon State,,,,,,,,번역 문구
index-1ca8qpz3,메인,파트너 로고 (partners 배열 · alt),춘천시,Chuncheon City,,,,,,,,번역 문구
index-ks3l6j5,메인,파트너 로고 (partners 배열 · alt),더존비즈온,Douzone Bizon,,,,,,,,번역 문구
index-40u6ce7,메인,파트너 로고 (partners 배열 · alt),IBK투자증권,IBK Investment & Securities,,,,,,,,번역 문구
index-yy8d0v35,메인,섹션 점 내비 (scenes 배열 · aria-label),메인 / 입지 / 사업개요 / 도시 컨셉 / 구역 개요 / 구역소개 / 홍보센터 / 회사정보,Top / Location / Overview / Concept / Districts at a glance / Districts / PR Center / Company,,,,,,,,번역 문구
index-10mb4by12,메인,9 플로팅 · GNB,문의하기 (플로팅 독),Contact,,,"Inquire는 오역은 아니나 Contact / Contact us와 혼재. 작은 플로팅 버튼은 Contact, 모달 제목은 Contact us로 통일.",,,,,번역 문구
index-xpx50g17,메인,9 플로팅 · GNB,맨 위로 (aria-label),Back to top,,,,,,,,번역 문구
index-idhjog23,메인,9 플로팅 · GNB,B·CITY 홈 (로고 aria-label),B-CITY home,,,,,,,,번역 문구
index-qun5yy23,메인,9 플로팅 · GNB,메뉴 열기 / 메뉴 닫기 (aria-label),Open menu / Close menu,,,,,,,,번역 문구
index-1sd8xy315,메인,9 플로팅 · GNB,사업 문의 (모바일 메뉴 버튼),Contact us,,,,,,,,번역 문구
index-kxymif21,메인,9 플로팅 · GNB,준비중입니다 (EN 툴팁 · JS 가 넣는다),(아래 ⚠),,,작업 지시는 메모 칸으로 옮기고 최종 영문 값만 제공. 영문 오픈 후 준비중 안내 요소를 제거하는 구현 항목; 공백 문자열을 본문 번역으로 넣는 뜻이 아님.,,,,,번역 문구
index-1mmzgz610,메인,10 문의 모달 (#contact),문의하기 (h2),Contact us,,,,,,,,번역 문구
index-fm1x9u34,메인,10 문의 모달 (#contact),기업입주 · 투자 · 사업 문의를 남겨주시면 담당자가 순차적으로 연락드립니다.,"For business location, investment or project inquiries, please submit your inquiry and a member of our team will respond in turn.","For business location, investment or project inquiries, contact our team.",짧은 모달 설명. 접수 후 담당자가 회신한다는 안내는 처리절차에 유지.,locating here는 모호하고 in turn은 고객 응대 문구로 어색하다. 응답 기한을 새로 약속하지 않는다. 모바일 축약안은 이번 CSV에서 추가 검토 대상으로 작성.,,,,,번역 문구
index-1khqi5l16,메인,10 문의 모달 (#contact),닫기 (aria-label),Close,,,,,,,,번역 문구
index-fo4q015,메인,10 문의 모달 (#contact),관심분야 *,Area of interest *,,,,,,,,번역 문구
index-1dkdu3z6,메인,10 문의 모달 (#contact),기업입주문의,Business location,,,Locating a business는 업체를 찾아준다는 뜻으로도 읽힐 수 있다. 입주 문의라는 문맥을 제목과 함께 제공.,,,,,번역 문구
index-gtttzt4,메인,10 문의 모달 (#contact),투자문의,Investment,,,,,,,,번역 문구
index-1xq8j6y4,메인,10 문의 모달 (#contact),사업문의,Project inquiries,,,General project는 미완성 명사구. 세 관심분야의 문법 형태를 맞춘다.,,,,,번역 문구
index-1njqknk16,메인,10 문의 모달 (#contact),관심분야를 1개 이상 선택해 주세요.,Please select at least one area of interest.,,,,,,,,번역 문구
index-1ughcxh7,메인,10 문의 모달 (#contact),회사명/이름 *,Company / Name *,,,,,,,,번역 문구
index-25cwzm27,메인,10 문의 모달 (#contact),예) 비시티(주) / 홍길동 (placeholder),"e.g. B-CITY Co., Ltd. / Jane Doe",,,,,,,,번역 문구
index-1bmiva415,메인,10 문의 모달 (#contact),회사명 또는 이름을 입력해 주세요.,Please enter a company or personal name.,,,,,,,,번역 문구
index-mlzfx55,메인,10 문의 모달 (#contact),휴대전화 *,Mobile *,,,,,,,,번역 문구
index-vlvkgu30,메인,10 문의 모달 (#contact),010-0000-0000 (placeholder),+82 10 0000 0000,,,번역 예시 자체는 가능하지만 현재 contact.js는 숫자 11자리로 자르고 국내 01x 휴대전화만 허용한다. 이 예시를 그대로 넣으면 실패. 국제번호 입력·저장·서버 검증을 함께 변경한 뒤 사용.,,,,,번역 문구
index-rbnk7117,메인,10 문의 모달 (#contact),휴대전화번호를 정확히 입력해 주세요.,Please enter a valid mobile number.,,,,,,,,번역 문구
index-1aiu2nn4,메인,10 문의 모달 (#contact),이메일 *,Email *,,,,,,,,번역 문구
index-1spa8lg33,메인,10 문의 모달 (#contact),name@company.com (placeholder),name@company.com,,,작업 지시는 메모 칸으로 옮기고 최종 영문 값만 제공. 그대로 유지할 문구도 실제 문자열을 기입. ,,,,,번역 문구
index-1uk2f2n16,메인,10 문의 모달 (#contact),이메일 주소를 정확히 입력해 주세요.,Please enter a valid email address.,,,,,,,,번역 문구
index-lsbmyc5,메인,10 문의 모달 (#contact),문의 내용 *,Your inquiry *,,,,,,,,번역 문구
index-1tvye4u29,메인,10 문의 모달 (#contact),문의하실 내용을 입력해 주세요. (placeholder),Please describe your inquiry.,,,,,,,,번역 문구
index-yxma0718,메인,10 문의 모달 (#contact),문의 내용을 입력해 주세요. (오류),Please enter your inquiry.,,,,,,,,번역 문구
index-181amow12,메인,10 문의 모달 (#contact),필수 (태그),Required,,,,,,,,번역 문구
index-2lnxyv17,메인,10 문의 모달 (#contact),개인정보 수집 · 이용에 모두 동의합니다,I agree to the collection and use of my personal data,,,,,,,,번역 문구
index-1v5qwas6,메인,10 문의 모달 (#contact),처리방침 보기,Read the policy,,,,,,,,번역 문구
index-a46vtm12,메인,10 문의 모달 (#contact),필수 항목에 동의해 주세요.,Please agree to the required collection and use of personal data.,,,required items가 무엇인지 모호하다. 필수 개인정보 동의임을 오류 메시지에 명시.,,,,,번역 문구
index-swo93j12,메인,10 문의 모달 (#contact),선택 (태그),Optional,,,,,,,,번역 문구
index-165zka213,메인,10 문의 모달 (#contact),마케팅 활용 동의에 동의합니다,I agree to the use of my data for marketing,,,,,,,,번역 문구
index-1jj9sh24,메인,10 문의 모달 (#contact),사업 주관,Project sponsor,,,"사업 주관을 Project sponsor로 고정하면 시행자·출자자·관리자의 역할이 혼동될 수 있다. 표시 대상 법인이 PFV이면 Project developer, AMC이면 Asset manager로 정확히 매핑.",,,,,번역 문구
index-w879u14,메인,10 문의 모달 (#contact),처리 절차,What happens next,,,,,,,,번역 문구
index-13cihes4,메인,10 문의 모달 (#contact),문의 접수,We receive your inquiry,,,,,,,,번역 문구
index-5xg5d510,메인,10 문의 모달 (#contact),담당자 배정 · 내용 검토,We assign your inquiry to the relevant team for review,Team assignment and review,뜻을 유지한 축약안. 실제 영문 화면에서 넘침·과도한 줄바꿈이 있을 때만 적용하고 모바일 줄 수를 재검증.,assign a contact and review it의 it이 연락처인지 문의인지 모호하다. 모바일 축약안은 이번 CSV에서 추가 검토 대상으로 작성.,,,,,번역 문구
index-11ujsnv9,메인,10 문의 모달 (#contact),유선 또는 이메일 회신,We reply by phone or email,,,,,,,,번역 문구
index-niagkb77,메인,10 문의 모달 (#contact),"수집한 개인정보는 '개인정보 보호법' 등 관련 법령에 따라 안전하게 관리되며, 문의 처리 목적이 달성된 후 관련 법령 및 내부 방침에 따른 보유 기간 동안 보관된 뒤 지체 없이 파기됩니다.","Personal data collected is kept secure under the Personal Information Protection Act and other applicable law. Once the purpose of handling your inquiry has been met, it is retained for the period required by law and by our internal policy, and then destroyed without delay.",,,,,,,,번역 문구
index-qa9ypf4,메인,10 문의 모달 (#contact),등록하기,Submit,,,,,,,,번역 문구
index-16237454,메인,10 문의 모달 (#contact),다시쓰기,Reset,,,,,,,,번역 문구
index-haf57s16,메인,전송 상태 문구 (contact.js),입력하지 않은 필수 항목이 있습니다.,Some required fields are missing.,,,,,,,,번역 문구
index-312ily7,메인,전송 상태 문구 (contact.js),전송 중입니다…,Sending…,,,,,,,,번역 문구
index-1y6ihla30,메인,전송 상태 문구 (contact.js),문의가 정상적으로 접수되었습니다. 담당자가 확인 후 연락드립니다.,Your inquiry has been received. Our team will review it and respond in due course.,,,,,,,,번역 문구
index-86gxbr22,메인,전송 상태 문구 (contact.js),전송에 실패했습니다. 잠시 후 다시 시도해 주세요.,Sending failed. Please try again shortly.,,,,,,,,번역 문구
index-1yg8kln26,메인,전송 상태 문구 (contact.js),메일 작성 창이 열립니다. 열리지 않으면 다시 시도해 주세요.,"Your email app should open. If it does not, please try again.",,,,,,,,번역 문구
index-1epnaim31,메인,전송 상태 문구 (contact.js),[B-CITY 문의] {이름} - {관심분야} (메일 제목),[B-CITY inquiry] {name} — {interest},,,,,,,,번역 문구
index-17xjpvz19,메인,11 개인정보처리방침 (#privacy),(원문에 없음 — 영문 페이지에만 추가),This Privacy Policy is provided in Korean. The Korean version is the governing text.,,,✅ 개인정보처리방침은 번역하지 않기로 확정(2026-09-15). 한국어본을 그대로 노출하고 준거 언어 한 줄만 붙인다,,,,,번역 문구 · 신규
index-8xgcuv16,메인,11 개인정보처리방침 (#privacy),개인정보처리방침 (모달 제목),Privacy Policy,,,✅ 개인정보처리방침은 번역하지 않기로 확정(2026-09-15). 한국어본을 그대로 노출하고 준거 언어 한 줄만 붙인다,,,,,번역 문구 · 신규
index-1l613bl12,메인,11 개인정보처리방침 (#privacy),제1조 ~ 제12조 본문 전체,한국어 원문 그대로 노출한다 — 번역하지 않는다,,,✅ 개인정보처리방침은 번역하지 않기로 확정(2026-09-15). 한국어본을 그대로 노출하고 준거 언어 한 줄만 붙인다,,,,,번역 문구 · 신규
overview-10dx8v724,사업개요,01 사업 개요 (#summary),OVERVIEW / 사업 개요 (아이브로우),OVERVIEW,,,,,,,,번역 문구
overview-wlkrza20,사업개요,01 사업 개요 (#summary),국토교통부 주관의 민간기업 중심 도시개발 사업,"Private-sector-led urban development under the Ministry of Land, Infrastructure and Transport",Private-sector-led urban development under MOLIT,MOLIT의 정식명은 같은 섹션 본문에서 제공.,under는 국토부가 시행자라는 오해가 덜하다. 문장형 본문에는 관사·마침표를 문맥에 맞게 추가. 모바일 축약안은 이번 CSV에서 추가 검토 대상으로 작성.,,,,,번역 문구
overview-1uy529a24,사업개요,01 사업 개요 (#summary),총 사업비 약 1.1조원의 대규모 국가도시개발 프로젝트,A national urban development project with a total cost of approximately KRW 1.1 trillion,A national urban development project of approx. KRW 1.1 trillion,뜻을 유지한 축약안. 실제 영문 화면에서 넘침·과도한 줄바꿈이 있을 때만 적용하고 모바일 줄 수를 재검증., 모바일 축약안은 이번 CSV에서 추가 검토 대상으로 작성.,,,,,번역 문구
overview-5kf8xd25,사업개요,사업개요 표,(caption) 춘천 기업혁신파크 선도사업 개요,Chuncheon Enterprise Innovation Park Pilot Project at a glance,,,,,,,,번역 문구
overview-1a4m23h5,사업개요,사업개요 표,구분 / 내용,Item / Details,,,,,,,,번역 문구
overview-m73dst3,사업개요,사업개요 표,사업명,Project,,,,,,,,번역 문구
overview-1bwann812,사업개요,사업개요 표,춘천 기업혁신파크 선도사업,Chuncheon Enterprise Innovation Park Pilot Project,,,,,,,,번역 문구
overview-12bvlxt2,사업개요,사업개요 표,위치,Location,,,,,,,,번역 문구
overview-tcdy6823,사업개요,사업개요 표,강원특별자치도 춘천시 남산면 광판리 산68번지 일원,"San 68 and vicinity, Gwangpan-ri, Namsan-myeon, Chuncheon-si, Gangwon State",,,,,,,,번역 문구
overview-1vr5g5i2,사업개요,사업개요 표,면적,Area,,,,,,,,번역 문구
overview-1x4gk0e10,사업개요,사업개요 표,"3,632,899㎡","3,632,899 m²",,,,,,,,번역 문구
overview-xwygb723,사업개요,사업개요 표,"1,098,952평 · 여의도 면적의 약 1.25배","Approximately 3.63 km² · about 1.25 times the area of Yeouido, Seoul",,,상단에 정확한 m²가 있으면 평은 보조 정보로만. 면적 환산은 정확한 m² 원본에서 계산. 여의도 비교는 서울 지식이 없는 방문자를 위해 단위값을 우선.,,,,,번역 문구
overview-ggjpjb4,사업개요,사업개요 표,법적 근거,Legal basis,,,,,,,,번역 문구
overview-mppcxh22,사업개요,사업개요 표,「기업도시개발특별법」에 따른 기업도시개발사업,An enterprise city development project under the Special Act on the Development of Enterprise Cities,,,,,,,,번역 문구
overview-4zi7km12,사업개요,사업개요 표,기업혁신파크 (보조),Enterprise Innovation Park,,,,,,,,번역 문구
overview-gvoli64,사업개요,사업개요 표,시행 주체,Developer,,,,,,,,번역 문구
overview-dk5zk823,사업개요,사업개요 표,PFV 바이오테크이노밸리피에프브이㈜ / 명목회사,"PFV — Biotech Innovalley PFV Co., Ltd. / special-purpose company",,,,,,,,번역 문구
overview-yfi3rh27,사업개요,사업개요 표,AMC 바이오테크이노밸리자산관리㈜ / 자산관리업무 수탁자,"AMC — Biotech Innovalley Asset Management Co., Ltd. / appointed asset manager",,,업무 수탁자는 신탁계약의 trustee와 같지 않다. 실제 신탁관계 확인 없이 asset management trustee로 번역하지 않는다.,,,,,번역 문구
overview-4649qi3,사업개요,사업개요 표,사업비,Project cost,,,,,,,,번역 문구
overview-1ww6fe26,사업개요,사업개요 표,약 1.1조원,approx. KRW 1.1 trillion,,,,,,,,번역 문구
overview-1lnwlxa4,사업개요,사업개요 표,사업 기간,Project period,,,,,,,,번역 문구
overview-14vnqm911,사업개요,사업개요 표,2024년 ~ 2033년,2024 – 2033,,,,,,,,번역 문구
overview-107tmqi4,사업개요,사업개요 표,도입 시설,Facilities,,,,,,,,번역 문구
overview-otfrno35,사업개요,사업개요 표,"첨단지식산업시설(IT, BT, AI, 데이터 등) / 연구시설 / 산업업무시설","Advanced-industry facilities (IT, BT, AI and data) / research facilities / office facilities",,,"knowledge-industry는 제도명을 직역한 느낌. 법정 시설 분류명인지 확인하여 표에는 정식 분류, 홍보 본문에는 읽기 쉬운 설명형 명칭을 구분.",,,,,번역 문구
overview-mqw0ko31,사업개요,사업개요 표,"주거시설(공동주택, 과학자마을 등) / 교육시설 / 숙박관광휴양시설","Housing (apartments and Scientists’ Village, etc.) / educational facilities / tourist accommodation and leisure facilities",,,교육시설을 schools로 한정하면 범위가 좁아진다. 시설계획의 유형을 보존.,,,,,번역 문구
overview-5c9w6j34,사업개요,이미지 3컷 캡션,연구 · 제약 첨단지식산업시설과 연구시설이 들어서는 바이오 클러스터,Research & pharma — a bio cluster of advanced knowledge-industry and research facilities,,,,,,,,번역 문구
overview-1tq8dfc33,사업개요,이미지 3컷 캡션,정주 · 헬스케어 공동주택과 과학자마을이 함께하는 일상 속 건강 관리,Living & healthcare — everyday health care alongside apartments and the Scientists' Village,,,,,,,,번역 문구
overview-1agb03t31,사업개요,이미지 3컷 캡션,교육 · 캠퍼스 외국 교육기관을 포함한 교육시설과 캠퍼스 생활권,"Education & campus — educational facilities, including foreign educational institutions, in a campus setting",,,foreign institutions만 쓰면 교육기관이라는 의미가 빠진다. 외국교육기관을 국제학교 또는 외국인학교로 임의 치환하지 않는다.,,,,,번역 문구
overview-8xs2yt33,사업개요,alt 텍스트,AI·IoT 분석 장비와 배양 설비가 이어지는 신약개발·CDMO 연구 현장,A drug-discovery and CDMO facility where AI and IoT analytics equipment meets cell-culture systems,,,,,,,,번역 문구
overview-1gih7d925,사업개요,alt 텍스트,녹지를 낀 주거 공간에서 일상적으로 건강을 확인하는 노부부,"An older couple checking their health at home, beside green space",,,,,,,,번역 문구
overview-1kyle4j21,사업개요,alt 텍스트,캠퍼스 앞마당에서 프로젝트 학습 중인 국제 학생들,International students working on a project in a campus courtyard,,,,,,,,번역 문구
overview-1jd2djv25,사업개요,02 특화단지 지정 (#cluster),NATIONAL STRATEGY / 특화단지 지정,NATIONAL STRATEGY,,,,,,,,번역 문구
overview-1yzde5v57,사업개요,02 특화단지 지정 (#cluster),정부가 보증하고 전폭적으로 지원하는 범국가적 프로젝트로 / 2024년 바이오 분야 국가첨단전략산업 특화단지 지정,A national project backed by full government support — / designated a National High-Tech Strategic Industry Specialized Complex for bio in 2024,,,,,,,,번역 문구 · 신규
overview-1rmtr1y31,사업개요,02 특화단지 지정 (#cluster),바이오분야 / 국가첨단전략산업 / 특화단지 (라벨),Biotechnology / National High-Tech Strategic Industry Specialized Complex,National biotech cluster,배지·지도 요약 라벨용. 정식 정책명은 인접 본문에 유지. 지정 주어·연도 확인이 끝나기 전에는 게시하지 않음.,정식 정책명은 유지하되 지도·배지에 전부 넣으면 과도하게 길다. 짧은 설명형 제목을 쓰는 경우 인접 본문에 정식 명칭 병기. 모바일 축약안은 이번 CSV에서 추가 검토 대상으로 작성.,,,,,번역 문구
overview-167aiv526,사업개요,전국 특화단지 5개 권역 말풍선,강원(춘천 · 홍천) / AI기반 신약개발 및 중소형 CDMO,Gangwon (Chuncheon · Hongcheon) / AI-driven drug development and small- and mid-sized CDMOs,Gangwon: AI drug development and CDMOs,지도 요약 라벨용. 춘천·홍천과 중소형 CDMO라는 범위를 상세 말풍선 또는 범례에 유지. 기업 규모/생산 규모 정의 확인.,신약개발은 discovery보다 development가 넓다. 기업 규모를 말하면 CDMOs 복수형. 생산규모라면 small- and medium-scale CDMO services 등 다른 표현 필요. 모바일 축약안은 이번 CSV에서 추가 검토 대상으로 작성.,,,,,번역 문구
overview-ytmie421,사업개요,전국 특화단지 5개 권역 말풍선,인천 · 경기 시흥 / 세계1위 바이오 메가 클러스터,"Incheon · Siheung, Gyeonggi / The world’s leading biotechnology mega-cluster",,,세계 1위를 largest로 바꾸면 순위 기준을 면적으로 단정. 비전임이 정부 자료에 나오므로 목표·계획 문맥 표시 필요.,,,,,번역 문구
overview-5q9n3220,사업개요,전국 특화단지 5개 권역 말풍선,대전(유성) / 혁신 신약 오픈 이노베이션 거점,Daejeon (Yuseong) / an open-innovation hub for novel drugs,,,,,,,,번역 문구
overview-1acjgk924,사업개요,전국 특화단지 5개 권역 말풍선,"경북(안동 · 포항) / 국가 백신거점, 글로벌 백신허브",Gyeongbuk (Andong · Pohang) / national vaccine base and global vaccine hub,,,,,,,,번역 문구
overview-gyxy8e21,사업개요,전국 특화단지 5개 권역 말풍선,"전남(화순) / 국가 백신 거점, 글로벌 백신 허브",Jeonnam (Hwasun) / national vaccine base and global vaccine hub,,,,,,,,번역 문구
overview-1x4h6k30,사업개요,강원 지도 말풍선,"춘천(예방 · 진단) / 기업혁신파크, 강원대학교, 거두농공단지 등","Chuncheon (prevention · diagnostics) / Enterprise Innovation Park, Kangwon National University, Geodu Agro-Industrial Complex",Chuncheon / Prevention & diagnostics,지도 요약 라벨용. 기업혁신파크·강원대·거두농공단지 등 기관명은 같은 지도 상세 패널에 유지., 모바일 축약안은 이번 CSV에서 추가 검토 대상으로 작성.,,,,,번역 문구
overview-17vx6ew24,사업개요,강원 지도 말풍선,"홍천(항체) / 홍천 국가항체클러스터, 북방농공단지","Hongcheon (antibodies) / Hongcheon National Antibody Cluster, Bukbang Agro-Industrial Complex",Hongcheon / Antibody research,지도 요약 라벨용. 항체클러스터·북방농공단지 명칭은 같은 지도 상세 패널에 유지., 모바일 축약안은 이번 CSV에서 추가 검토 대상으로 작성.,,,,,번역 문구
overview-5sb6s523,사업개요,alt 텍스트,바이오 분야 국가첨단전략산업 특화단지 5개 권역 위치,The five regions designated as National High-Tech Strategic Industry Specialized Complexes for bio,,,,,,,,번역 문구
overview-rn0zk818,사업개요,alt 텍스트,춘천시와 홍천군이 표시된 강원특별자치도,"Gangwon State, with Chuncheon and Hongcheon marked",,,,,,,,번역 문구
location-1hv2xcp16,입지,01 교통환경 (#transit),TRANSPORT / 교통환경,TRANSPORT,,,,,,,,번역 문구
location-1xy018f29,입지,01 교통환경 (#transit),"서울 잠실에서 40분, / 수도권 생활 인프라로 편입","40 min from Jamsil, Seoul / Connected to the Seoul metropolitan area","40 min from Jamsil, Seoul / Linked to the Seoul metro area",소요시간의 경로·교통 조건을 인접 각주에 유지. /는 줄바꿈 제안.,수도권 생활 인프라 편입을 통근 벨트로만 축소하지 않는다. 경로·교통 상황에 대한 기존 조건 유지. 모바일 축약안은 이번 CSV에서 추가 검토 대상으로 작성.,,,,,번역 문구
location-i1xv9k19,입지,01 교통환경 (#transit),"새로운 동부권 비즈니스 허브, B-CITY",B-CITY: a new business hub east of Seoul,,,동부권이 수도권 동부인지 대한민국 동부인지 원문 확인. east of Seoul은 수도권 동부 문맥일 때만 사용.,,,,,번역 문구
location-18qgzo556,입지,지도 alt,B-CITY 를 중심으로 철도·도로·항공·항만이 이어지는 광역 교통망 지도. 아래 네 영역을 선택하면 해당 경로가 강조됩니다.,"A regional transport map centered on B-CITY, showing rail, road, air and sea links. Select one of the four modes below to highlight its routes.",,,,,,,,번역 문구
location-mfx90h2,입지,철도 → Rail,철도,Rail,,,,,,,,번역 문구
location-wpgc3a31,입지,철도 → Rail,GTX-B / 서울역 50분 / 추진 중 (2030년 개통 예정),GTX-B / 50 min to Seoul Station / In progress (opening planned 2030),,,GTX-B 본선과 춘천 연장선의 일정·구간이 섞여 있다. 2030년 개통과 서울역 50분이 동일 구간을 지칭하는지 확인. 확정 전 번역으로 일정을 단정하지 않는다.,,,,,번역 문구
location-5q6ub122,입지,철도 → Rail,ITX-청춘 / 청량리역 55분 / 운영 중,ITX-Cheongchun / 55 min to Cheongnyangni Station / In service,,,,,,,,번역 문구
location-1jnvgf417,입지,철도 → Rail,경춘선 / 청량리 연결 / 운영 중,Gyeongchun Line / Connections to Cheongnyangni / In service,,,원문 연결에는 직통이라는 조건이 없다. Direct를 삭제한다.,,,,,번역 문구
location-krfws724,입지,철도 → Rail,GTX-B 춘천 연장 시 서울 핵심 업무지구까지 50분대,"With the planned GTX-B extension to Chuncheon, travel to Seoul’s key business districts is expected to take around 50–59 minutes. (129)",Planned GTX-B extension / Approx. 50–59 min to key Seoul business districts,예정 상태와 50분대 범위를 유지. 본선/춘천 연장·환승 등 산정 구간 확인 후 적용. /는 줄바꿈 제안.,50분대는 정확히 50분이 아니다. (96)은 작업 메모로 삭제. 실제 산정 구간·환승·개통 상태 확인 후 사용. 모바일 축약안은 이번 CSV에서 추가 검토 대상으로 작성.,,,,,번역 문구
location-96xk9p2,입지,도로 → Road,도로,Road,,,,,,,,번역 문구
location-1c2qjlg30,입지,도로 → Road,제2경춘고속화도로 / 서울 45분 / 추진 중 (4~6차로),2nd Gyeongchun Expressway / 45 min to Seoul / Planned (4–6 lanes),,,✅ 「제2경춘고속화도로 · 2nd Gyeongchun Expressway」로 확정(2026-09-14). National Road·Highway 안 씁니다. / 국도와 Expressway 혼용 제거. 진행 상태·차로 수는 공식 자료 확인 후 planned / under construction 등을 확정.,,,,,번역 문구
location-1qis01t29,입지,도로 → Road,서울양양고속도로 / 서울 40분 / 운영 중 (4~6차로),Seoul–Yangyang Expressway / 40 min to Seoul / In service (4–6 lanes),,,,,,,,번역 문구
location-evizqc24,입지,도로 → Road,중앙고속도로 / 원주 방면 / 운영 중 (4차로),Jungang Expressway / Toward Wonju / In service (4 lanes),,,,,,,,번역 문구
location-1vcpir913,입지,도로 → Road,김유정로 / 도심 연결,Kimyoujeong-ro / To the city center,,,,,,,,번역 문구
location-1h09w4112,입지,도로 → Road,충효로 / 도심 연결,Chunghyo-ro / To the city center,,,,,,,,번역 문구
location-15kd9x031,입지,도로 → Road,남춘천 IC 와 직접 연결 · 제2경춘고속화도로 개통 시 수도권 접근성 강화,"Linked to Namchuncheon IC, with improved access to the Seoul metropolitan area planned via the 2nd Gyeongchun Expressway. (124)",,,남춘천 표기 통일. 말미 (97) 삭제. 직접 연결 여부는 원문 근거 유지 여부 확인.,,,,,번역 문구
location-1pym7r2,입지,항공 → Air,항공,Air,,,,,,,,번역 문구
location-1q042t24,입지,항공 → Air,양양국제공항 / 약 60분 / 국내 / 국제선 운항,Yangyang International Airport / approx. 60 min / Domestic and international,,,국내·국제선 운항은 시점에 따라 바뀌는 운영 정보다. 공항 존재와 실제 정기노선 운항을 구분하고 오픈 시점 확인. 공항명을 바꾸는 번역 문제와 별개.,,,,,번역 문구
location-skp8513,입지,항공 → Air,김포공항 / 약 80분,Gimpo Airport / approx. 80 min,,,,,,,,번역 문구
location-o5x6hk20,입지,항공 → Air,국내선과 국제선 두 축으로 글로벌 비즈니스 연계,Domestic and international air connections support global business. (67),,,(95) 삭제. 실제 노선 운영 여부 확인 후 사용.,,,,,번역 문구
location-ckbv4s2,입지,항만 → Sea,항만,Sea,,,,,,,,번역 문구
location-e3r7yg24,입지,항만 → Sea,속초항 / 약 90분 / 국제 크루즈 · 러시아 항로,Sokcho Port / approx. 90 min / International cruise · Russia routes,,,러시아 항로·국제 크루즈의 실제 운항 상태를 확인. 항만 접근 가능성과 특정 국제노선 운영을 혼동하지 않는다.,,,,,번역 문구
location-1uh873u26,입지,항만 → Sea,동해항 / 약 120분 / 종합 무역항 · 국제 무역 거점,Donghae Port / approx. 120 min / Full-service trade port · international trade hub,,,,,,,,번역 문구
location-ad6fig18,입지,항만 → Sea,동해권 물류 거점 연계로 수출입 인프라 확보,Connections to East Sea logistics hubs support imports and exports. (67),,,(94) 삭제. secure the infrastructure는 시설 확보를 보장하는 뉘앙스이므로 물류 연결 기능으로 표현.,,,,,번역 문구
location-ejwadn29,입지,항만 → Sea,* 소요시간은 교통량 및 도로사정에 따라 차이가 발생할 수 있습니다.,* Travel times vary with traffic and road conditions.,,,,,,,,번역 문구
location-15tdiet51,입지,마무리 카피,"B-CITY는 서울·수도권 1시간 생활권은 물론, / 국내를 넘어 글로벌 비즈니스 허브로 도약합니다",B-CITY is within an hour of Seoul — / and reaches beyond Korea to become a global business hub,,,,,,,,번역 문구
location-1xl2yn922,입지,02 광역 인프라 (#infra),INFRASTRUCTURE / 광역 인프라,INFRASTRUCTURE,,,,,,,,번역 문구
location-1ll4prg20,입지,02 광역 인프라 (#infra),B-CITY를 둘러싼 완성된 인프라,The infrastructure around B-CITY is already built,,,,,,,,번역 문구
location-lp82ug60,입지,02 광역 인프라 (#infra),"대한민국 바이오 산업의 중심 춘천을 기반으로, 산업·교육·의료·관광 인프라가 유기적으로 연결된 미래 혁신도시의 최적 입지를 완성합니다","Anchored in Chuncheon, the center of Korea’s bio industry, with industry, education, healthcare and tourism infrastructure already connected — the right site for a future innovation city",,,,,,,,번역 문구
location-n37qpl9,입지,01 산업 인프라,01 산업 인프라,01 Industry,,,,,,,,번역 문구
location-14ii7wf15,입지,01 산업 인프라,대한민국 바이오 혁신 생태계의 중심,At the center of Korea’s bio innovation ecosystem,,,,,,,,번역 문구
location-1ebti9s73,입지,01 산업 인프라,"춘천바이오산업진흥원과 강원연구개발특구를 비롯한 / 다양한 산업 인프라를 기반으로 / 기업과 연구기관, 인재가 함께 성장하는 혁신 생태계를 형성합니다.","Industrial infrastructure, including the Chuncheon Bioindustry Foundation / and Gangwon R&D Special Zone, supports an ecosystem where / companies, research institutes and talent grow together.","Industry, research and talent growing together",요약 리드용. 춘천바이오산업진흥원·강원연구개발특구 등 기반 기관명을 아래 카드 또는 펼침 설명에 유지.,기존 번역은 Built on ... where ...로 주절이 없다. 각 지역·기관의 정식 영문명 확인 후 용어집과 통일. 모바일 축약안은 이번 CSV에서 추가 검토 대상으로 작성.,,,,,번역 문구
location-1btlrse15,입지,01 산업 인프라,춘천바이오산업진흥원 (원),Chuncheon Bioindustry Foundation,,,,,,,,번역 문구
location-3bg1a13,입지,01 산업 인프라,강원연구개발특구 (원),Gangwon R&D Special Zone,,,,,,,,번역 문구
location-mczdak16,입지,01 산업 인프라,인근 산업단지 및 네트워크 (원),Nearby industrial complexes & networks,,,원문 네트워크 누락.,,,,,번역 문구
location-1xn61qi9,입지,02 학술 인프라,02 학술 인프라,02 Academia,,,,,,,,번역 문구
location-14mkwo315,입지,02 학술 인프라,미래 인재를 키우는 교육·연구 거점,A base for education and research that builds future talent,Education and research for future talent,뜻을 유지한 축약안. 실제 영문 화면에서 넘침·과도한 줄바꿈이 있을 때만 적용하고 모바일 줄 수를 재검증., 모바일 축약안은 이번 CSV에서 추가 검토 대상으로 작성.,,,,,번역 문구
location-tk4zv751,입지,02 학술 인프라,"강원권 대학과 연구기관이 집적된 교육 환경을 바탕으로 산업과 연구, 인재 양성이 선순환하는 혁신 생태계를 구축합니다.","Gangwon’s universities and research institutes anchor an ecosystem in which industry, research and talent reinforce one another. (128)","Universities and research institutes connect industry, research and talent.",강원권이라는 지리 범위가 상위 제목/본문에 있을 때만 사용. 대학·연구기관명은 카드에 유지.,영문 말미 (122)는 표시 문구가 아닌 길이 메모로 분리. 모바일 축약안은 이번 CSV에서 추가 검토 대상으로 작성.,,,,,번역 문구
location-1h2tdz812,입지,02 학술 인프라,강원대학교 (춘천캠퍼스),Kangwon National University (Chuncheon Campus),,,,,,,,번역 문구
location-1v2ec865,입지,02 학술 인프라,한림대학교,Hallym University,,,,,,,,번역 문구
location-1e7uvfm16,입지,02 학술 인프라,※ 사진 출처 — 공공누리 · 한림대학교,* Photos: KOGL · Hallym University,,,,,,,,번역 문구
location-nlffwb12,입지,03 의료 · 공공 인프라,03 의료 · 공공 인프라,03 Healthcare & public services,,,,,,,,번역 문구
location-uw3l6t19,입지,03 의료 · 공공 인프라,수준 높은 의료 서비스와 안정적인 행정 인프라,High-quality healthcare and a stable administrative base,Quality healthcare and dependable public services,뜻을 유지한 축약안. 실제 영문 화면에서 넘침·과도한 줄바꿈이 있을 때만 적용하고 모바일 줄 수를 재검증., 모바일 축약안은 이번 CSV에서 추가 검토 대상으로 작성.,,,,,번역 문구
location-17nxns447,입지,03 의료 · 공공 인프라,대학병원 중심의 의료 인프라와 강원도·춘천시의 행정 지원 체계를 기반으로 안정적인 정주환경을 제공합니다.,University hospitals and administrative support from Gangwon State and Chuncheon City provide a stable foundation for everyday living. (134),University hospitals and public services support everyday living.,Gangwon State 및 Chuncheon City의 행정 지원 주체를 바로 아래 기관 카드에 유지.,✅ 국문을 「강원특별자치도 → 강원도」로 통일(2026-09-15 지시). 공문·고시 제목과 출자자 법인명은 법정 명칭이라 그대로 두었다. 영문은 기관 공식 영문인 Gangwon State 를 유지한다 (1차 ID location-ghfp3951 — 「강원특별자치도 → 강원도」로 국문이 바뀌어 ID 가 새로 생겼다),,,,,번역 문구
location-t57ww7,입지,03 의료 · 공공 인프라,강원대학교병원,Kangwon National University Hospital,,,,,,,,번역 문구
location-fyothr9,입지,03 의료 · 공공 인프라,한림대춘천성심병원,Hallym University Chuncheon Sacred Heart Hospital,,,,,,,,번역 문구
location-1xs2pmj9,입지,03 의료 · 공공 인프라,강원도청 · 춘천시청,Gangwon State Office · Chuncheon City Hall,,,,,,,,번역 문구
location-1h1iv3a30,입지,03 의료 · 공공 인프라,※ 사진 출처 — 강원대학교병원 · 한림대학교춘천성심병원 · 공공누리,* Photos: Kangwon National University Hospital · Hallym University Chuncheon Sacred Heart Hospital · KOGL,,,,,,,,번역 문구
location-1ajxyx112,입지,04 관광 · 여가 인프라,04 관광 · 여가 인프라,04 Tourism & leisure,,,,,,,,번역 문구
location-ptp0is17,입지,04 관광 · 여가 인프라,사계절 자연과 문화를 누리는 라이프 환경,Nature and culture in every season,,,,,,,,번역 문구
location-1wm0gb53,입지,04 관광 · 여가 인프라,"남이섬, 강촌, 의암호, 소양강 등 춘천을 대표하는 관광·문화 자원을 가까이 누릴 수 있는 차별화된 정주환경을 제공합니다.","Nami Island, Gangchon, Lake Uiam and the Soyang River — Chuncheon’s best-known destinations, all close at hand. (111)",,,영문 말미 (114) 삭제.,,,,,번역 문구
location-12rg6cv3,입지,04 관광 · 여가 인프라,남이섬,Nami Island,,,,,,,,번역 문구
location-1m9hq5n5,입지,04 관광 · 여가 인프라,비발디파크,Vivaldi Park,,,,,,,,번역 문구
location-ynz93o10,입지,04 관광 · 여가 인프라,강촌 (엘리시안 강촌),Gangchon (Elysian Gangchon),,,,,,,,번역 문구
location-1oj9bmr3,입지,04 관광 · 여가 인프라,의암호,Lake Uiam,,,,,,,,번역 문구
location-7mkl1d3,입지,04 관광 · 여가 인프라,소양강,Soyang River,,,,,,,,번역 문구
location-175aks54,입지,04 관광 · 여가 인프라,레고랜드,Legoland Korea,,,,,,,,번역 문구
location-sq7jmv12,입지,04 관광 · 여가 인프라,※ 사진 출처 — 한국관광공사,* Photos: Korea Tourism Organization,,,,,,,,번역 문구
location-1kifiex27,입지,사진 alt,캠퍼스와 기숙사 건물이 보이는 강원대학교 춘천캠퍼스 항공 전경,Aerial view of Kangwon National University’s Chuncheon campus and dormitories,,,,,,,,번역 문구
location-1gbwwa517,입지,사진 alt,설경에 둘러싸인 한림대학교 캠퍼스 건물,Hallym University campus buildings in snow,,,,,,,,번역 문구
location-dcqr7616,입지,사진 alt,산을 배경으로 한 강원대학교병원 전경,Kangwon National University Hospital against the mountains,,,,,,,,번역 문구
location-7u6rz621,입지,사진 alt,한림대학교춘천성심병원 권역응급의료센터 입구,Entrance to the regional emergency medical center at Hallym University Chuncheon Sacred Heart Hospital,,,,,,,,번역 문구
location-18mkurn9,입지,사진 alt,춘천시청 청사와 광장,Chuncheon City Hall and its plaza,,,,,,,,번역 문구
location-13jmq1z15,입지,사진 alt,남이섬으로 향하는 유람선과 강변 숲,"A ferry heading to Nami Island, with riverside woods",,,,,,,,번역 문구
location-16gnqny16,입지,사진 alt,설원 슬로프가 펼쳐진 비발디파크 전경,Ski slopes at Vivaldi Park,,,,,,,,번역 문구
location-bqshr516,입지,사진 alt,호수와 분수가 있는 엘리시안 강촌 정원,"The garden at Elysian Gangchon, with its lake and fountain",,,,,,,,번역 문구
location-lqdbex12,입지,사진 alt,산으로 둘러싸인 의암호 수면,"Lake Uiam, ringed by mountains",,,,,,,,번역 문구
location-845g2517,입지,사진 alt,소양강을 가로지르는 스카이워크와 다리,The skywalk and bridge across the Soyang River,,,,,,,,번역 문구
location-1vcmxf411,입지,사진 alt,레고랜드 코리아 정문 광장,The entrance plaza at Legoland Korea,,,,,,,,번역 문구
location-7d9rs231,입지,마무리 카피,"산업·학술·의료·관광, 도시 전체가 하나의 인프라가 되는 곳","Industry, education, healthcare and tourism — connected across one city","Industry, education, healthcare and tourism, connected.",뜻을 유지한 축약안. 실제 영문 화면에서 넘침·과도한 줄바꿈이 있을 때만 적용하고 모바일 줄 수를 재검증.,one piece of infrastructure는 도시가 하나의 시설물처럼 들린다. 도시 전반의 기반 연결을 표현. 모바일 축약안은 이번 CSV에서 추가 검토 대상으로 작성.,,,,,번역 문구
location-ic83or40,입지,마무리 카피,B-CITY는 춘천이 가진 모든 광역 인프라가 유기적으로 연결되는 최적의 입지에 자리합니다,B-CITY sits where all of Chuncheon’s regional infrastructure comes together,B-CITY connects Chuncheon’s regional infrastructure.,최적 입지라는 평가와 세부 연결 대상은 원문 기준으로 본문에 유지., 모바일 축약안은 이번 CSV에서 추가 검토 대상으로 작성.,,,,,번역 문구
effect-y77lud20,기대효과,기대효과 → Impact,EXPECTED VALUE / 기대효과,EXPECTED IMPACT,,,EXPECTED VALUE는 투자·확률상의 기댓값으로도 읽힌다. 페이지 제목 Impact와 맞춤.,,,,,번역 문구
effect-17yndrb53,기대효과,기대효과 → Impact,B-CITY가 만들어갈 경제·산업·사회적 가치를 통해 / 대한민국 미래 성장의 새로운 기준을 제시합니다,"Through the economic, industrial and social value it creates, / B-CITY sets a new benchmark for Korea’s future growth","Economic, industrial and social value for Korea’s future growth",요약 리드용. 새로운 기준을 제시한다는 비전 표현은 상세에서 유지., 모바일 축약안은 이번 CSV에서 추가 검토 대상으로 작성.,,,,,번역 문구
effect-1koi2ez7,기대효과,01 경제적 기대효과 — 핵심 지표,경제적 기대효과,Economic impact,,,,,,,,번역 문구
effect-c9sti915,기대효과,01 경제적 기대효과 — 핵심 지표,지역 경제 활성화와 신규 일자리 창출,Regional economic growth and new jobs,,,,,,,,번역 문구
effect-1timivd20,기대효과,KPI 3종,"16,000여 명 / 6,366세대","Approx. 16,000 residents / 6,366 households",,,"여 명을 +로 바꾸면 최소치가 된다. 상세 계획인구는 15,917명으로 16,000+와도 충돌. 약 16,000명 표현 유지.",,,,,번역 문구
effect-1kuoqbi4,기대효과,KPI 3종,계획인구,Planned population,,,,,,,,번역 문구
effect-j4gc2g52,기대효과,KPI 3종,자족형 도시의 새로운 정주 인구 — 아파트·시니어하우징·주상복합·단독주택 등 다양한 주거 유형이 어우러지는 미래 도시,"A new resident population for a self-sufficient city — apartments, senior housing, mixed-use residential and detached homes side by side","Apartments, senior housing, mixed-use residences and detached homes",주거 유형 요약용. 자족도시·계획 인구의 의미는 KPI 제목과 설명에 유지., 모바일 축약안은 이번 CSV에서 추가 검토 대상으로 작성.,,,,,번역 문구
effect-4hr9rb18,기대효과,KPI 3종,"5,000여 명 / 사업 추진 기준","Approx. 5,000 jobs / Project estimate",,,"5,000여 명은 무조건 5,000 초과가 아니다. 예측 지표라는 맥락이 중요.",,,,,번역 문구
effect-1brormm6,기대효과,KPI 3종,취업유발효과,Estimated employment generated,,,Induced employment는 일부 경제효과 분석에서 소비 재지출 효과만 뜻할 수 있다. 한국 산업연관표의 취업유발효과와 동일 범위인지 산정자료 확인.,,,,,번역 문구
effect-1i9lxjd34,기대효과,KPI 3종,사업 추진으로 창출되는 일자리 — 첨단 산업·연구·서비스 분야의 신규 고용 기대,"Jobs created by the project — new employment across advanced industry, research and services","New jobs in advanced industry, research and services",계획·기대치라는 상태는 지표 제목/인접 설명에 유지. 실현된 일자리처럼 쓰지 않음., 모바일 축약안은 이번 CSV에서 추가 검토 대상으로 작성.,,,,,번역 문구
effect-r2my4416,기대효과,KPI 3종,0.9조원 / 사업 추진 기준,KRW 0.9 trillion / Project estimate,,,at project level은 무엇의 기준인지 모호. 금액은 기존 값 유지.,,,,,번역 문구
effect-oj5xps6,기대효과,KPI 3종,생산유발효과,Estimated economic output generated,,,생산유발효과를 매출·이익·투자수익과 혼동하지 않도록 output 유지. 직접·간접 포함 범위는 산정자료 확인.,,,,,번역 문구
effect-y8bd4338,기대효과,KPI 3종,지역 경제에 더해지는 생산 가치 — 강원권 산업·소비·서비스 확장에 따른 경제적 파급효과,"Output added to the regional economy — the ripple effect of expanding industry, consumption and services across Gangwon",,,,,,,,번역 문구
effect-1maquup7,기대효과,02 산업적 기대효과,산업적 기대효과,Industrial impact,,,,,,,,번역 문구
effect-s1b7q017,기대효과,02 산업적 기대효과,AI·BIO 융합 첨단산업 생태계 형성,An advanced-industry ecosystem where AI and bio converge,,,,,,,,번역 문구
effect-1f37w2519,기대효과,02 산업적 기대효과,AI·첨단 바이오 산업의 국가 전략거점 형성,A national strategic base for AI and advanced bio industries,,,,,,,,번역 문구
effect-1vruoga18,기대효과,02 산업적 기대효과,입주 기업 간 R&D 협력 및 산업 시너지 창출,R&D collaboration and industrial synergy among tenant companies,,,,,,,,번역 문구
effect-1bofau324,기대효과,02 산업적 기대효과,신약 개발·정밀의료·푸드테크 등 신산업 육성 기반 마련,"A foundation for new industries, including drug development, precision medicine and food technology","Drug development, precision medicine and food tech",산업 육성 기반이라는 의미는 상위 제목과 본문에 유지.,신약개발을 discovery로만 번역하면 연구 초기 단계로 좁아진다. 모바일 축약안은 이번 CSV에서 추가 검토 대상으로 작성.,,,,,번역 문구
effect-ahr1o221,기대효과,02 산업적 기대효과,산·학·연 협력을 통한 혁신 클러스터 생태계 구축,An innovation cluster built on industry–academia–research collaboration,,,,,,,,번역 문구
effect-bmlie87,기대효과,03 사회적 기대효과,사회적 기대효과,Social impact,,,,,,,,번역 문구
effect-1yeovin13,기대효과,03 사회적 기대효과,자족형 정주 환경과 삶의 질 향상,A self-sufficient living environment and a better quality of life,,,,,,,,번역 문구
effect-1wyd19316,기대효과,03 사회적 기대효과,직주근접 라이프스타일로 워라밸 실현,Better work–life balance with homes close to workplaces,Work–life balance with shorter commutes,뜻을 유지한 축약안. 실제 영문 화면에서 넘침·과도한 줄바꿈이 있을 때만 적용하고 모바일 줄 수를 재검증.,live-work proximity는 전문 문서에는 가능하나 홈페이지 카드에는 직관적 표현이 낫다. 모바일 축약안은 이번 CSV에서 추가 검토 대상으로 작성.,,,,,번역 문구
effect-1v48gzd19,기대효과,03 사회적 기대효과,글로벌 교육환경 조성으로 고급 인재 정착 유도,An international education environment that helps skilled professionals settle in the city,International education that helps skilled talent settle,뜻을 유지한 축약안. 실제 영문 화면에서 넘침·과도한 줄바꿈이 있을 때만 적용하고 모바일 줄 수를 재검증.,education offer는 제안·상품처럼 들릴 수 있어 교육환경으로 명시. 모바일 축약안은 이번 CSV에서 추가 검토 대상으로 작성.,,,,,번역 문구
effect-176ie1b21,기대효과,03 사회적 기대효과,통합의료·웰니스 인프라로 건강한 도시 생활 보장,Integrated care and wellness infrastructure for healthy city living,,,,,,,,번역 문구
effect-19lu3as20,기대효과,03 사회적 기대효과,다양한 주거 유형을 통한 건강한 지역 공동체 형성,A healthy local community built from a mix of housing types,,,,,,,,번역 문구
effect-l2obq910,기대효과,04 지역균형발전 기대효과,지역균형발전 기대효과,Balanced regional development,,,,,,,,번역 문구
effect-izulsk20,기대효과,04 지역균형발전 기대효과,비수도권 첨단산업 거점으로 국토 균형발전 기여,"An advanced-industry base outside the Seoul metropolitan area, contributing to balanced national development",Advanced industry beyond the Seoul metropolitan area,요약 제목용. 국토 균형발전 기여라는 원뜻은 상세 설명에 유지., 모바일 축약안은 이번 CSV에서 추가 검토 대상으로 작성.,,,,,번역 문구
effect-nl7bbs11,기대효과,04 지역균형발전 기대효과,강원도 첨단산업 메카 도약,Gangwon State emerging as a center for advanced industry,,,✅ 국문을 「강원특별자치도 → 강원도」로 통일(2026-09-15 지시). 공문·고시 제목과 출자자 법인명은 법정 명칭이라 그대로 두었다. 영문은 기관 공식 영문인 Gangwon State 를 유지한다 (1차 ID effect-17o7apr15 — 「강원특별자치도 → 강원도」로 국문이 바뀌어 ID 가 새로 생겼다),,,,,번역 문구
effect-1lfmz3p23,기대효과,04 지역균형발전 기대효과,동부권 GTX·고속도로 연계 광역 비즈니스 허브 형성,A regional business hub linked by the GTX and expressways in Korea’s east,,,,,,,,번역 문구
effect-mrikfe12,기대효과,05 환경 · 지속가능성 기대효과,환경 · 지속가능성 기대효과,Environment & sustainability,,,,,,,,번역 문구
effect-1xv91x09,기대효과,05 환경 · 지속가능성 기대효과,친환경 도시모델 제시,A model for the low-impact city,,,,,,,,번역 문구
effect-1wldg1u21,기대효과,05 환경 · 지속가능성 기대효과,풍부한 녹지·수변 공간 기반 친환경 도시 모델 구현,A low-impact city built around generous green and waterfront space,,,,,,,,번역 문구
effect-16vw9zu18,기대효과,05 환경 · 지속가능성 기대효과,보행 친화 도시 설계로 친환경 이동 환경 구축,Pedestrian-friendly design that supports environmentally friendly travel,,,원문에 없는 low-carbon default 단정 제거.,,,,,번역 문구
effect-11je0dc25,기대효과,05 환경 · 지속가능성 기대효과,자연과 첨단기술이 공존하는 지속가능한 도시 패러다임 제시,A sustainable model in which nature and advanced technology coexist,,,,,,,,번역 문구
effect-yffeeb7,기대효과,06 글로벌 기대효과,글로벌 기대효과,Global impact,,,,,,,,번역 문구
effect-mdhypz16,기대효과,06 글로벌 기대효과,대한민국 첨단산업의 국제적 위상 강화,A stronger international standing for Korea’s advanced industries,,,,,,,,번역 문구
effect-8uyyv915,기대효과,06 글로벌 기대효과,동북아 첨단 바이오·AI 허브 도약,Emerging as a Northeast Asian hub for advanced bio and AI,,,,,,,,번역 문구
effect-1g4i6v820,기대효과,06 글로벌 기대효과,외국교육기관 및 해외 인재 유입으로 국제도시화,Foreign education institutions and international talent make the city global,,,,,,,,번역 문구
effect-zdttcl21,기대효과,06 글로벌 기대효과,글로벌 제약·바이오 기업과의 협력 네트워크 구축,A collaboration network with global pharma and bio companies,,,,,,,,번역 문구
effect-17c4ufn22,기대효과,06 글로벌 기대효과,정밀의료 빅데이터를 활용한 글로벌 R&D 협업 확대,Wider global R&D collaboration built on precision-medicine big data,Global R&D powered by precision-medicine data,빅데이터 활용과 협업 확대라는 의미는 본문에 유지., 모바일 축약안은 이번 CSV에서 추가 검토 대상으로 작성.,,,,,번역 문구
effect-dk3ed261,기대효과,마무리 카피,"B-CITY는 단순한 도시개발을 넘어, / 지역과 국가, 그리고 세계에 새로운 가치를 만들어가는 미래 성장의 출발점이 됩니다","B-CITY is more than an urban development. / It is where future growth begins — for the region, the country and the world","Future growth for the region, Korea and the world",마무리 요약 카피. 도시개발을 통한 가치 창출이라는 설명은 본문에 유지., 모바일 축약안은 이번 CSV에서 추가 검토 대상으로 작성.,,,,,번역 문구
effect-uvgrbu34,기대효과,사진 alt,AI 데이터 인프라와 바이오 R&D·파일럿 생산설비가 이어지는 첨단 산업 현장,An advanced industrial site joining AI and data infrastructure with bio R&D and pilot production,,,,,,,,번역 문구
effect-1n21ahf19,기대효과,사진 alt,보행 가로를 따라 오가는 다양한 세대의 주민들,Residents of all ages along a pedestrian street,,,,,,,,번역 문구
effect-lxrkv26,기대효과,사진 alt,강원권 첨단산업 거점과 광역 철도·도로가 이어지는 도시 전경,A city view linking Gangwon’s advanced-industry base with regional rail and roads,,,,,,,,번역 문구
effect-folx7623,기대효과,사진 alt,녹지와 수변을 낀 보행·자전거 중심의 친환경 도시 가로,"A low-impact street for walking and cycling, beside green space and water",,,,,,,,번역 문구
effect-n9ns2h25,기대효과,사진 alt,글로벌 협업 데이터를 함께 보는 연구진과 국제 비즈니스 공간,Researchers reviewing collaboration data in an international business space,,,,,,,,번역 문구
schedule-6fuuaq23,추진일정,추진일정 → Timeline,OUR JOURNEY TO 2033 / 추진일정,OUR JOURNEY TO 2033,,,,,,,,번역 문구
schedule-3smvrl26,추진일정,추진일정 → Timeline,2024년 사업 선정부터 2033년 최종 준공까지,From project selection in 2024 to planned completion in 2033,Selected in 2024 / Planned completion in 2033,완료된 선정과 미래 준공의 상태를 구분. /는 줄바꿈 제안.,준공이 미래 계획임을 유지. 역사 구간과 예정 구간의 상태 라벨 분리. 모바일 축약안은 이번 CSV에서 추가 검토 대상으로 작성.,,,,,번역 문구
schedule-18udtd130,추진일정,추진일정 → Timeline,B-CITY가 그려 나갈 10년의 여정을 한눈에 확인하실 수 있습니다,B-CITY’s ten-year development roadmap at a glance,B-CITY’s ten-year roadmap,뜻을 유지한 축약안. 실제 영문 화면에서 넘침·과도한 줄바꿈이 있을 때만 적용하고 모바일 줄 수를 재검증.,Ten years of B-CITY는 지난 10년 회고처럼 들린다. 모바일 축약안은 이번 CSV에서 추가 검토 대상으로 작성.,,,,,번역 문구
schedule-qeutev36,추진일정,2023,기업혁신파크 선도사업 공모 공고 / 국토부 공고 제2023-1077호,Call for Enterprise Innovation Park proposals / MOLIT Announcement No. 2023-1077,,,,,,,,번역 문구
schedule-19i4a2z30,추진일정,2023,기업혁신파크 선도사업 제안서 제출 / 더존비즈온 / 춘천시,Pilot project proposal submitted / Douzone Bizon / Chuncheon City,,,,,,,,번역 문구
schedule-1ftpamp15,추진일정,2023,기업혁신파크 선도사업 제안서 평가,Proposal evaluation,,,,,,,,번역 문구
schedule-1dzjoty15,추진일정,2024,제19차 국민행복포럼 대통령 발언,Presidential remarks at the 19th People’s Happiness Forum,,,국문 국민행복포럼과 영문 People’s Happiness Forum은 행사 정식 명칭 확인이 필요. 해당 회차의 대통령 발언 원문 제목과 대조 후 확정.,,,,,번역 문구
schedule-1x1mm4t42,추진일정,2024,강원특별자치도 토지거래허가구역 지정 / 강원특별자치도 공고 제2024-426호,Land Transaction Permission Zone designated by Gangwon State / Gangwon State Announcement No. 2024-426,,,,,,,,번역 문구
schedule-t9u1be42,추진일정,2024,기업혁신파크 선도사업 공모 결과 알림 / 국토교통부 성장거점정책과-691,"Pilot project selection announced / MOLIT, Growth Hub Policy Division-691",,,,,,,,번역 문구
schedule-csrvtb17,추진일정,2024,기업혁신파크 선도사업 국토부 1차 협의,First consultation with MOLIT,,,,,,,,번역 문구
schedule-ru8t0i32,추진일정,2024,바이오 국가첨단전략산업 특화단지 선정 / 춘천 · 홍천,Designated a National High-Tech Strategic Industry Specialized Complex for bio / Chuncheon · Hongcheon,,,2024년 항목은 정부 2024-06-27 춘천·홍천 지정 자료와 일치. 메인 37행·사업개요 166행의 2025년 표기와 함께 검토.,,,,,번역 문구
schedule-1rq8wit35,추진일정,2024,개발행위허가 제한지역 지정 고시 / 춘천시 고시 제2024-468호,Development Activity Permit Restriction Area designated / Chuncheon City Notice No. 2024-468,,,,,,,,번역 문구
schedule-b8aeuz16,추진일정,2024,강원도 및 춘천시 PFV 출자지분 확정,Gangwon State and Chuncheon City confirmed their PFV equity stakes,,,✅ 국문을 「강원특별자치도 → 강원도」로 통일(2026-09-15 지시). 공문·고시 제목과 출자자 법인명은 법정 명칭이라 그대로 두었다. 영문은 기관 공식 영문인 Gangwon State 를 유지한다 (1차 ID schedule-14qpk2e20 — 「강원특별자치도 → 강원도」로 국문이 바뀌어 ID 가 새로 생겼다),,,,,번역 문구
schedule-348q3411,추진일정,2024,환경영향평가협의회 심의,Environmental Impact Assessment Council review,,,,,,,,번역 문구
schedule-cviatf38,추진일정,2024,토지거래허가구역 조정 공고 / 강원특별자치도 공고 제2024-1965호,Land Transaction Permission Zone adjusted / Gangwon State Announcement No. 2024-1965,,,,,,,,번역 문구
schedule-16a8b3i36,추진일정,2025,개발행위허가제한지역 지정 변경 고시 / 춘천시 고시 제2025-14호,Development Activity Permit Restriction Area amended / Chuncheon City Notice No. 2025-14,,,,,,,,번역 문구
schedule-cozqlr36,추진일정,2025,AMC 설립 / 바이오테크이노밸리자산관리㈜ — 자산관리회사,"AMC established / Biotech Innovalley Asset Management Co., Ltd. — asset management company",,,,,,,,번역 문구
schedule-24zj5k39,추진일정,2025,PFV 설립 / 바이오테크이노밸리피에프브이㈜ — 프로젝트금융회사,"PFV established / Biotech Innovalley PFV Co., Ltd. — project financing vehicle",,,,,,,,번역 문구
schedule-1afh0tm22,추진일정,2025,"강원도 · 춘천시 관련 실과 협의, 주민공람 및 공청회",Consultations with Gangwon State and Chuncheon City departments; public inspection and hearing,,,✅ 국문을 「강원특별자치도 → 강원도」로 통일(2026-09-15 지시). 공문·고시 제목과 출자자 법인명은 법정 명칭이라 그대로 두었다. 영문은 기관 공식 영문인 Gangwon State 를 유지한다 (1차 ID schedule-y1nwuv26 — 「강원특별자치도 → 강원도」로 국문이 바뀌어 ID 가 새로 생겼다),,,,,번역 문구
schedule-thw5eq15,추진일정,2025,국토교통부 통합개발계획 승인 신청,Application for MOLIT approval of the Integrated Development Plan,,,,,,,,번역 문구
schedule-15ktzqk6,추진일정,2025,08~10월,Aug–Oct,,,,,,,,번역 문구
schedule-12efe7t3,추진일정,2025,11월,Nov,,,,,,,,번역 문구
schedule-1qmzc9w12,추진일정,2026 (진행 중),4월 / 7월 / 8월 / 12월,Apr / Jul / Aug / Dec,,,,,,,,번역 문구
schedule-o0jgl88,추진일정,2026 (진행 중),광판리 주민 간담회,Residents' briefing in Gwangpan-ri,,,,,,,,번역 문구
schedule-1tmi9va24,추진일정,2026 (진행 중),춘천기업혁신파크 선도사업 통합개발계획(안) 공청회,Public hearing on the draft Integrated Development Plan,,,,,,,,번역 문구
schedule-hkprjt9,추진일정,2026 (진행 중),사업성 분석 용역 착수,Feasibility study commences,,,실제 착수 완료 여부 확인 후 Feasibility study launched 또는 Feasibility study — planned. 연도 전체를 현재형으로 처리하지 않는다.,,,,,번역 문구
schedule-1m4h7547,추진일정,2026 (진행 중),LIMAC 착수,LIMAC review,,,LIMAC가 무엇을 하는 기관·검토인지 첫 노출에서 인접 설명 제공. 착수 완료 여부를 확인한 뒤 launched / planned 구분.,,,,,번역 문구
schedule-2vitwb18,추진일정,2026 (진행 중),국토교통부 전략 및 환경영향평가 본안 제출,Final reports for the Strategic Environmental Impact Assessment and Environmental Impact Assessment submitted to MOLIT,,,Strategic and Environmental ...는 전략평가가 독립된 다른 평가처럼 보이고 본안도 빠진다. 실제 제출 완료 여부 확인.,,,,,번역 문구
schedule-1fgsszs19,추진일정,2026 (진행 중),통합개발계획 국토교통부 승인 예정,MOLIT approval of the Integrated Development Plan — planned,,,,,,,,번역 문구
schedule-38i7h911,추진일정,2027 · 2029 · 2033,1Q 사업비 조달 (PF),Q1 — Secure project financing (planned),,,사업비 조달이 반드시 금융약정 종결(financial close)만을 뜻하지는 않는다. 금융종결 단계가 맞으면 Q1 — Financial close (project financing) 사용.,,,,,번역 문구
schedule-5x6z2g10,추진일정,2027 · 2029 · 2033,2Q 부지조성공사 착공,Q2 — Site development works begin,,,,,,,,번역 문구
schedule-4fbbt99,추진일정,2027 · 2029 · 2033,4Q 1단계 사업 준공,Q4 — Phase 1 completion,,,,,,,,번역 문구
schedule-1nd4wya12,추진일정,2027 · 2029 · 2033,4Q 전체 사업 준공,Q4 — Full project completion,,,,,,,,번역 문구
schedule-188biyo47,추진일정,마무리 카피,B-CITY는 정부·지자체·민간이 함께 / 약속된 일정에 따라 차질 없이 추진되고 있습니다,"Government, local authorities and the private sector are moving B-CITY forward / on the schedule set out — without delay",,,without delay는 지연이 전혀 없다는 단정. 실제 일정 진행상태를 확인하여 국문·영문 동시 갱신.,,,,,번역 문구
company-w5s9tg24,사업주체,01 사업 구조 (#structure),BUSINESS STRUCTURE / 사업 구조,BUSINESS STRUCTURE,,,,,,,,번역 문구
company-16bgdm223,사업주체,01 사업 구조 (#structure),"민·관이 함께 만드는, 가장 단단한 사업 구조",A robust project structure built on public–private partnership,A robust public–private project structure,뜻을 유지한 축약안. 실제 영문 화면에서 넘침·과도한 줄바꿈이 있을 때만 적용하고 모바일 줄 수를 재검증.,a structure built to hold는 무엇을 지탱하는지 모호하고 다소 구어적. 모바일 축약안은 이번 CSV에서 추가 검토 대상으로 작성.,,,,,번역 문구
company-w4r2ac59,사업주체,01 사업 구조 (#structure),"국토교통부가 선정하고, 강원도와 춘천시가 투자하며, 대한민국 대표 ICT 기업이 앵커로 참여하는 B-CITY는 시작부터 다릅니다.","Selected by the Ministry of Land, Infrastructure and Transport, backed by equity investment from Gangwon State and Chuncheon City, and anchored by a leading Korean ICT company, B-CITY brings public and private partners together.","Selected by MOLIT, with local government equity and a private-sector anchor.",상세 기관명·출자 구조를 같은 섹션에서 유지해야 하는 요약안. 전액 공적 자금지원으로 오인되지 않도록 지자체 출자지분을 함께 표시.,funded by는 사업비 전체를 지자체가 지원하는 것처럼 읽힐 수 있다. 출자와 전액 재원조달을 구분. 모바일 축약안은 이번 CSV에서 추가 검토 대상으로 작성.,,,,,번역 문구
company-ky2t2a19,사업주체,PFV 구조도,명목회사(PFV) 중심의 투명한 사업 운영,Transparent delivery through a special-purpose company (PFV),Transparent project delivery through a PFV,PFV 정식명과 명목회사 역할을 인접 설명에 제공., 모바일 축약안은 이번 CSV에서 추가 검토 대상으로 작성.,,,,,번역 문구
company-1t3sl2c89,사업주체,PFV 구조도,B-CITY는 PFV(Project Financing Vehicle) 구조로 운영됩니다. 자본금·대출·분양수익이 한 곳에 집중되어 투명하고 효율적으로 관리되는 검증된 개발사업 구조입니다.,"B-CITY is delivered through a project financing vehicle (PFV), which brings together and manages paid-in capital, loans and sales proceeds in a single entity.","A PFV manages paid-in capital, loans and sales proceeds in one entity.",PFV 정식명과 관리의 효율·투명성 설명은 인접 본문에 유지.,자본금을 equity 전체와 동일시하기보다 paid-in capital로 구체화. all sit는 지나치게 구어적. 모바일 축약안은 이번 CSV에서 추가 검토 대상으로 작성.,,,,,번역 문구
company-1i34mhk4,사업주체,PFV 구조도,수분양자,Purchasers,,,,,,,,번역 문구
company-1odnky75,사업주체,PFV 구조도,토지소유주,Landowners,,,,,,,,번역 문구
company-qn9chy4,사업주체,PFV 구조도,금융기관,Financial institutions,,,대출 흐름만 나타내는 도형이면 Lenders도 적절. 기관의 전체 역할을 나타내면 Financial institutions 유지.,,,,,번역 문구
company-10xbi3y4,사업주체,PFV 구조도,분양대금,Sales proceeds,,,,,,,,번역 문구
company-c2qgx74,사업주체,PFV 구조도,용지분양,Land lot sales,,,,,,,,번역 문구
company-henfh4,사업주체,PFV 구조도,토지 매매,Land purchase,,,,,,,,번역 문구
company-kx0rxa5,사업주체,PFV 구조도,토지 보상비,Land compensation,,,,,,,,번역 문구
company-b7b1ch6,사업주체,PFV 구조도,PF대출약정,PF loan agreement,,,,,,,,번역 문구
company-1fhadzk9,사업주체,PFV 구조도,PF대출원리금 상환,PF loan repayment,,,도형 짧은 라벨은 유지 가능. 접근성 설명과 본문에는 Repayment of PF loan principal and interest로 원금·이자를 명시.,,,,,번역 문구
company-zs1nxt12,사업주체,PFV 구조도,바이오테크 이노밸리 PFV,Biotech Innovalley PFV,,,,,,,,번역 문구
company-1vexd3s11,사업주체,PFV 구조도,명목회사 · 사업 시행 주체,Special-purpose company · project developer,,,project entity보다 시행 역할을 분명히 전달.,,,,,번역 문구
company-1mch3zr13,사업주체,PFV 구조도,출자금 납부 / 진행 중,Equity contribution / in progress,,,,,,,,번역 문구
company-ysa7u16,사업주체,PFV 구조도,PFV 출자자,PFV shareholders,,,,,,,,번역 문구
company-dqzxcn8,사업주체,PFV 구조도,앵커기업 · AMC,Anchor Company · AMC,,,,,,,,번역 문구
company-vgpg5011,사업주체,PFV 구조도,더존비즈온 / 37.3%,Douzone Bizon / 37.3%,,,,,,,,번역 문구
company-1n23cgj25,사업주체,PFV 구조도,바이오테크이노밸리자산관리 (AMC) / 0.2%,Biotech Innovalley AMC / 0.2%,,,AM (AMC)의 중복 약칭 정리. 정식 회사명은 인접 설명·캡션에 유지.,,,,,번역 문구
company-1ueoui45,사업주체,PFV 구조도,GI · 공공,GI · Public,,,,,,,,번역 문구
company-1foa2gs12,사업주체,PFV 구조도,강원특별자치도 / 4.9%,Gangwon State / 4.9%,,,,,,,,번역 문구
company-dv8om88,사업주체,PFV 구조도,춘천시 / 4.9%,Chuncheon City / 4.9%,,,,,,,,번역 문구
company-1o31pae5,사업주체,PFV 구조도,FI · 금융,FI · Finance,,,,,,,,번역 문구
company-166f84b12,사업주체,PFV 구조도,IBK투자증권 / 5.0%,IBK Investment & Securities / 5.0%,,,,,,,,번역 문구
company-ko6r3x5,사업주체,PFV 구조도,CI · 시공,CI · Construction,,,,,,,,번역 문구
company-14ayfib11,사업주체,PFV 구조도,부지조성공사 등 / TBD,Site development contractor / TBD,,,works and related는 문장이 미완성. 시공 출자자 자리라면 사업내용보다 참여자 역할로 표현하되 의도 확인.,,,,,번역 문구
company-1d6n7h15,사업주체,PFV 구조도,SI · 전략,SI · Strategic,,,,,,,,번역 문구
company-kozdsf23,사업주체,PFV 구조도,중소형 CDMO (제약 · 바이오기업) / TBD,Small- and mid-sized CDMOs / Pharmaceutical and biotechnology companies / TBD,,,기업군은 CDMOs 복수. 제목·보조설명·참여상태를 분리.,,,,,번역 문구
company-1882vzh47,사업주체,PFV 구조도,"PFV (바이오테크이노밸리피에프브이㈜) — 사업 시행 명목회사, 자본 · 대출 · 수익을 통합 관리","PFV (Biotech Innovalley PFV Co., Ltd.) — the special-purpose company delivering the project; holds equity, debt and revenue in one place",,,,,,,,번역 문구
company-1mu98qd35,사업주체,PFV 구조도,AMC (바이오테크이노밸리자산관리㈜) — 자산관리 업무 전문 수탁자,"AMC (Biotech Innovalley Asset Management Co., Ltd.) — the appointed asset manager",,,신탁의 trustee로 오인될 여지 제거. 용어집·다른 회사 설명과 동시 수정.,,,,,번역 문구
company-1bekcqr13,사업주체,다섯 가지 강점 (.mrt — 270px · 27자 예산),이 구조가 만드는 다섯 가지 강점,Five strengths of the project structure,Five strengths of the structure,뜻을 유지한 축약안. 실제 영문 화면에서 넘침·과도한 줄바꿈이 있을 때만 적용하고 모바일 줄 수를 재검증.,반복 구조를 줄여 카드 묶음 제목을 간결하게. 모바일 축약안은 이번 CSV에서 추가 검토 대상으로 작성.,,,,,번역 문구
company-gvqsc227,사업주체,다섯 가지 강점 (.mrt — 270px · 27자 예산),01 민·관 합동 / 정부 · 지자체 · 민간 자본 결합,01 Public–private partnership / Central and local government and private capital combined,01 Public–private / Government and private capital,요약 카드용. 중앙정부·지자체·민간의 구체 구분을 구조도에서 유지. 모바일 1열에서 표준 문구가 들어가면 축약하지 않음.,기존 카드 약 227px에서 설명 1줄 유지는 어려움. 제목과 본문 각각 2~3줄 여유를 두고 카드 높이는 자동. 모바일 축약안은 이번 CSV에서 추가 검토 대상으로 작성.,,,,,번역 문구
company-1rwocph25,사업주체,다섯 가지 강점 (.mrt — 270px · 27자 예산),02 공신력 확보 / 국토교통부 선도사업 지정,02 Institutional credibility / Selected as a MOLIT project,02 Credibility / MOLIT project,MOLIT 정식명과 선도사업 선정 관계를 본문에서 유지. 모바일 1열에서는 표준 문구 우선.,공신력 확보는 공식 위임·권한을 뜻하는 Official mandate와 다르다. 모바일 축약안은 이번 CSV에서 추가 검토 대상으로 작성.,,,,,번역 문구
company-1wk31uv29,사업주체,다섯 가지 강점 (.mrt — 270px · 27자 예산),03 추진 가속화 / 지자체 직접 출자로 인허가 연계 강화,03 Faster delivery / Local government equity participation strengthens permitting coordination,03 Faster delivery / Closer permitting coordination,지자체 직접 출자와 인허가 연계의 인과 설명은 인접 구조도/상세에 유지. 모바일 1열에서 표준 문구가 들어가면 축약하지 않음.,설명 내용의 전부를 유지하는 수정안. 좁은 카드에서는 본문 3줄을 허용. 모바일 축약안은 이번 CSV에서 추가 검토 대상으로 작성.,,,,,번역 문구
company-tef20831,사업주체,다섯 가지 강점 (.mrt — 270px · 27자 예산),04 자산 분리 / PFV–AMC 분리 운영으로 투명성 확보,04 Asset separation / Separate PFV and AMC operations support transparency,04 Asset separation / Separate PFV and AMC operations,분리 운영을 통한 투명성이라는 상세 의미 유지. 실제 자산 분리 효력은 원문 확인. 모바일 1열에서는 표준 문구 우선.,PFV–AMC 분리 운영을 투명성과 연결. 자산 법적 격리 효력 자체는 별도 확인 대상. 모바일 축약안은 이번 CSV에서 추가 검토 대상으로 작성.,,,,,번역 문구
company-12p40it31,사업주체,다섯 가지 강점 (.mrt — 270px · 27자 예산),05 다층 파트너십 / 앵커 · GI · FI · CI · SI 구조,05 Multi-tier partnership / Anchor company · GI · FI · CI · SI,05 Partnerships / Anchor · GI · FI · CI · SI,약어 정식 의미는 구조도 범례에서 제공. 모바일 1열에서는 표준 문구 우선.,약어는 구조도 범례에서 풀어 쓴 뒤 카드에서 사용. 모바일 축약안은 이번 CSV에서 추가 검토 대상으로 작성.,,,,,번역 문구
company-l8a0yr6,사업주체,관련 공식 문서,관련 공식 문서,Official documents,,,,,,,,번역 문구
company-njkm5525,사업주체,관련 공식 문서,사업의 각 단계는 정부·지자체의 공식 문서로 확인됩니다.,Each stage of the project is evidenced by official government documents.,,,,,,,,번역 문구
company-4js06y19,사업주체,관련 공식 문서,국토교통부 기업혁신파크 선도사업 선정 공문,MOLIT letter selecting the Enterprise Innovation Park project,,,,,,,,번역 문구
company-4ybmvz19,사업주체,관련 공식 문서,강원특별자치도 · 춘천시 출자지분 확정 공문,Letter confirming the equity stakes of Gangwon State and Chuncheon City,,,,,,,,번역 문구
company-xh8j5m19,사업주체,관련 공식 문서,강원특별자치도 토지거래허가구역 지정 공고,Gangwon State announcement designating the Land Transaction Permission Zone,,,,,,,,번역 문구
company-7xh8b217,사업주체,관련 공식 문서,춘천시 개발행위허가 제한지역 지정 고시,Chuncheon City notice designating the Development Activity Permit Restriction Area,,,,,,,,번역 문구
company-5m1t6426,사업주체,관련 공식 문서,춘천 기업혁신파크 선도사업 개발구역 지정 공동제안 사항 공고,Announcement of the joint proposal to designate the development district for the Chuncheon Enterprise Innovation Park Pilot Project,,,공문명에서 사업명이 생략되어 식별성이 떨어진다. 버튼은 View로 두고 문서 제목은 줄바꿈 허용.,,,,,번역 문구
company-wrdx9w8,사업주체,관련 공식 문서,보기 (버튼),View,,,,,,,,번역 문구
company-1mp51rf25,사업주체,관련 공식 문서,※ [보기]를 누르면 공문 원본을 확대해 보실 수 있습니다.,* Select View to open the original document at full size. Documents are in Korean.,,,,,,,,번역 문구
company-1asohvp17,사업주체,02 파트너사 (#partners),PARTNERS / 파트너사 소개,PARTNERS,,,,,,,,번역 문구
company-1jol95o25,사업주체,02 파트너사 (#partners),정부·지자체·기업·금융 등이 함께 만드는 B-CITY,"B-CITY is built by government, local authorities, industry and finance together",B-CITY brings public and private partners together,정부·지자체·기업·금융의 구분은 바로 아래 기관 카드에서 유지., 모바일 축약안은 이번 CSV에서 추가 검토 대상으로 작성.,,,,,번역 문구
company-509y9r21,사업주체,02 파트너사 (#partners),신뢰할 수 있는 파트너십이 사업의 가장 큰 힘입니다,Dependable partnerships are the project’s greatest strength,Our strength is dependable partnership.,뜻을 유지한 축약안. 실제 영문 화면에서 넘침·과도한 줄바꿈이 있을 때만 적용하고 모바일 줄 수를 재검증., 모바일 축약안은 이번 CSV에서 추가 검토 대상으로 작성.,,,,,번역 문구
company-1k931v642,사업주체,관계 기관,관계 기관 / GOVERNMENT PARTNERS / 사업 인가 · 지원의 핵심 주체,Authorities / GOVERNMENT PARTNERS / The bodies that approve and support the project,,,,,,,,번역 문구
company-1v6sczs49,사업주체,관계 기관,국토교통부 / 춘천기업혁신파크 선도사업 선정 기관 / 통합개발계획 승인 및 사업 전반의 인허가 주관,"Ministry of Land, Infrastructure and Transport / Selected the Chuncheon EIP project / Approves the Integrated Development Plan and oversees permitting",,,,,,,,번역 문구
company-xa299j52,사업주체,관계 기관,강원특별자치도 / B-CITY 사업 PFV 출자 4.9% / 광역 행정 지원 및 첨단산업 정책 연계,Gangwon State / 4.9% equity in the B-CITY PFV / Regional administrative support and advanced-industry policy alignment,,,,,,,,번역 문구
company-5qbqp248,사업주체,관계 기관,춘천시 / B-CITY 사업 PFV 출자 4.9% / 사업 인허가 협력 및 지역 인프라 지원,Chuncheon City / 4.9% equity in the B-CITY PFV / Permitting cooperation and local infrastructure support,,,,,,,,번역 문구
company-1vcvaj345,사업주체,앵커 기업 · 자산관리 · 금융 파트너,앵커 기업 / ANCHOR PARTNER / 사업의 중심에서 비전을 함께 그리는 핵심 파트너,Anchor Company / ANCHOR PARTNER / The core partner shaping the vision from the center of the project,,,,,,,,번역 문구
company-y45x2274,사업주체,앵커 기업 · 자산관리 · 금융 파트너,더존비즈온 / 앵커 파트너 / PFV 출자 37.3% / 대한민국 대표 ICT·SaaS 기업으로서 B-CITY의 AI·디지털 산업 생태계를 선도,"Douzone Bizon / Anchor Partner / 37.3% equity in the PFV / One of Korea’s leading ICT and SaaS companies, leading B-CITY’s AI and digital industry ecosystem",,,,,,,,번역 문구
company-lk1ibw38,사업주체,앵커 기업 · 자산관리 · 금융 파트너,자산관리 / AMC / PFV 자산의 전문 운용과 사업 실행을 관리하는 수탁자,Asset management / AMC / The appointed manager of PFV assets and project delivery,,,trustee를 manager로 정정. 실제 계약상 신탁이 아니라는 전제 확인.,,,,,번역 문구
company-1g63ggv52,사업주체,앵커 기업 · 자산관리 · 금융 파트너,바이오테크이노밸리자산관리㈜ / 자산관리 수탁자(AMC) / PFV 자산의 전문 운용 및 사업 실행 관리,"Biotech Innovalley Asset Management Co., Ltd. / Appointed asset manager (AMC) / Professional management of PFV assets and project delivery",,,회사 정식 명칭은 유지하고 역할만 바로잡는다.,,,,,번역 문구
company-153dp0g51,사업주체,앵커 기업 · 자산관리 · 금융 파트너,금융 파트너 / FINANCIAL INVESTORS / 사업의 안정적 자금 조달을 지원하는 금융 파트너,Financial partners / FINANCIAL INVESTORS / Partners securing stable funding for the project,,,,,,,,번역 문구
company-hk1g0442,사업주체,앵커 기업 · 자산관리 · 금융 파트너,IBK투자증권 / 금융투자자(FI) / PFV 출자 / 사업자금 조달 및 금융 자문,IBK Investment & Securities / Financial Investor (FI) / PFV shareholder / Project funding and financial advisory,,,,,,,,번역 문구
company-18a2gdp51,사업주체,전략적 파트너,전략적 파트너 / STRATEGIC PARTNERS / MOU 체결을 통해 산업 협력을 이어가는 파트너,Strategic partners / STRATEGIC PARTNERS / Partners advancing industrial cooperation under signed MOUs,,,,,,,,번역 문구
company-10qkahj44,사업주체,전략적 파트너,에스에너지 / MOU 체결 / 신재생에너지 협력 파트너 / 친환경 에너지 인프라 구축 협력,S-Energy / MOU signed / Renewable energy partner / Cooperation on clean energy infrastructure,,,현재 company.html의 렌더링 본문에서 해당 전략적 파트너 섹션을 확인하지 못함. 번역 문구만으로 MOU·참여 상태를 신규 공개하지 말고 게시 기준 원본을 확인.,,,,,번역 문구
company-uahupr49,사업주체,전략적 파트너,프로티움사이언스 / MOU 체결 / 바이오 산업 협력 파트너 / 첨단 바이오 클러스터 산업 생태계 협력,Protium Science / MOU signed / Bio industry partner / Cooperation on the advanced bio cluster ecosystem,,,프로티움사이언스 항목도 현재 company.html 렌더링과 CSV 간 범위 차이 확인 필요. 확인 후 Bio industry partner는 Biotechnology partner로 정리 가능.,,,,,번역 문구
company-1vgj4kr31,사업주체,전략적 파트너,시공파트너(CI) · 전략적 투자자(SI)는 지속 확대 예정입니다.,We plan to expand participation by construction partners (CI) and strategic investors (SI).,,,시공 파트너를 일률적으로 출자자라고 바꾸지 않는다. CI가 실제 출자자 분류인 경우 범례에서 Construction investor 정의.,,,,,번역 문구
brand-usmt1e17,브랜드,01 브랜드 네임 (#name),BRAND NAME / 브랜드 네임,BRAND NAME,,,,,,,,번역 문구
brand-l1ale340,브랜드,01 브랜드 네임 (#name),"도시와 바이오가 하나가 되는 곳, / 바이오와 도시 인프라가 만나 새로운 가치를 만듭니다",Where biotechnology and urban life converge / Creating new value where bio meets city infrastructure,,,where ... where 반복을 줄이고 bio를 biotechnology로 구체화.,,,,,번역 문구
brand-1v5dyw488,브랜드,01 브랜드 네임 (#name),"B-CITY의 심볼은 두 개의 알파벳 “B” 구조를 기반으로 설계되었습니다. 좌우의 형태는 서로 독립된 산업과 기능을 의미하며, 중앙의 유기적인 연결 구조를 통해 하나의 미래 도시 시스템으로 통합됩니다.",The B-CITY symbol is built from two letter “B” forms. The left and right shapes stand for industries and functions that are independent of one another; the organic structure at the center draws them into a single system for the city of the future.,,,,,,,,번역 문구
brand-2cux6m25,브랜드,심볼 해석 3카드,Double B / Bio + Big Data 구조,Double B / A Bio + Big Data structure,,,,,,,,번역 문구
brand-e96wul82,브랜드,심볼 해석 3카드,두 개의 B 구조는 Bio와 Big Data처럼 서로 다른 산업과 기능이 연결되는 미래 도시 시스템을 상징합니다. 각 구조는 독립적으로 존재하지만 중앙 흐름을 통해 하나의 생태계로 연결됩니다.,"The two B forms stand for a future city system in which different industries and functions — bio and big data among them — are connected. Each form stands on its own, yet the central flow joins them into a single ecosystem.",Two B forms link Bio and Big Data through a shared central flow.,요약 카드용. 각 형태의 독립성과 하나의 미래도시 생태계라는 설명은 펼침 상세에 유지., 모바일 축약안은 이번 CSV에서 추가 검토 대상으로 작성.,,,,,번역 문구
brand-1tp0wlh24,브랜드,심볼 해석 3카드,DNA Helix / 생명과 데이터 흐름의 상징,DNA Helix / A symbol of life and the flow of data,,,,,,,,번역 문구
brand-1hp3lc1123,브랜드,심볼 해석 3카드,중앙의 연결 구조는 DNA Double Helix의 흐름을 추상화한 네거티브 공간입니다. 이는 바이오 기술과 데이터 기반 산업이 끊임없이 연결되고 순환하는 도시 구조를 의미합니다. 직접적인 DNA 표현이 아닌 브랜드 심볼 내부에 녹아든 “Bio Flow” 개념으로 구현되었습니다.,The negative space at the center abstracts the movement of a DNA double helix. This “Bio Flow” represents the continuous exchange between biotechnology and data-driven industries within the city.,"The central negative space abstracts a DNA double helix, linking biotech and data through “Bio Flow.”",요약 카드용. 직접 DNA 묘사가 아닌 추상화·순환 의미는 펼침 상세에 유지. 브랜드 가이드와 대조.,네거티브 공간·DNA 추상화·Bio Flow·바이오와 데이터 순환 의미를 유지하며 중복 설명 정리. 상세 브랜드 가이드와 다른 의미를 추가하지 않는다. 모바일 축약안은 이번 CSV에서 추가 검토 대상으로 작성.,,,,,번역 문구
brand-1uypgqk28,브랜드,심볼 해석 3카드,Connected Core / 도시 인프라의 연결 허브,Connected Core / The hub that links the city’s infrastructure,,,,,,,,번역 문구
brand-175ayww90,브랜드,심볼 해석 3카드,심볼의 곡선 흐름은 춘천의 자연 환경과 미래 산업 구조가 연결되는 도시 비전을 상징합니다. 유기적인 흐름은 B-CITY의 핵심 철학인 “Connected Innovation City”를 시각화합니다.,The curved flow of the symbol stands for a city vision in which Chuncheon’s natural setting and its future industrial structure are connected. That organic movement gives visual form to B-CITY’s core philosophy: a “Connected Innovation City.”,Flowing curves connect Chuncheon’s nature and future industries: “Connected Innovation City.”,브랜드 핵심 철학명 유지. 구체적인 형상 해설은 펼침 상세로 제공., 모바일 축약안은 이번 CSV에서 추가 검토 대상으로 작성.,,,,,번역 문구
brand-1crebdt23,브랜드,02 브랜드 로고타입 (#logotype),BRAND LOGOTYPE / 브랜드 로고타입,BRAND LOGOTYPE,,,,,,,,번역 문구
brand-izm22y23,브랜드,02 브랜드 로고타입 (#logotype),전용 서체로 다시 그린 B·CITY 워드마크,"The B·CITY wordmark, redrawn in a bespoke typeface",,,,,,,,번역 문구
brand-1i6l0jm34,브랜드,02 브랜드 로고타입 (#logotype),"기존 서체를 가져다 쓰지 않고, 브랜드 전용으로 수정한 기하학적 산세리프입니다",A geometric sans-serif typeface customized exclusively for B·CITY,,,modified exclusively의 핵심을 유지. 기존 서체 사용 여부에 대한 불필요한 대비를 줄인다.,,,,,번역 문구
brand-1i45vui24,브랜드,기본 로고타입 / 심볼 마크,기본 로고타입 / PRIMARY LOGOTYPE,PRIMARY LOGOTYPE,,,같은 의미의 영어를 두 번 표시하지 않는다. 영문 아이브로우와 타이틀이 다른 역할이면 계층을 유지하며 중복 텍스트만 정리.,,,,,번역 문구
brand-nrrl2112,브랜드,기본 로고타입 / 심볼 마크,비율 / W : H = 6.0 : 1,Proportion / W : H = 6.0 : 1,,,,,,,,번역 문구
brand-8dfegz51,브랜드,기본 로고타입 / 심볼 마크,서체 / Custom Geometric Sans · Modified exclusively for B·CITY,Typeface / Custom Geometric Sans · Modified exclusively for B·CITY,,,작업 지시는 메모 칸으로 옮기고 최종 영문 값만 제공. 그대로 유지할 문구도 실제 문자열을 기입. ,,,,,번역 문구
brand-1yp5l9o36,브랜드,기본 로고타입 / 심볼 마크,구성 / B(Letter) + Symbol(Mint × Azure) + CITY,Composition / B (letter) + Symbol (Mint × Azure) + CITY,,,,,,,,번역 문구
brand-7fdi4j23,브랜드,기본 로고타입 / 심볼 마크,국문 표기 / 비시티 — 「비-시티」로 끊어 쓰지 않는다,Korean rendering / 비시티 — never hyphenated as 「비-시티」,,,,,,,,번역 문구
brand-1ju1th17,브랜드,기본 로고타입 / 심볼 마크,심볼 마크 / SYMBOL MARK,SYMBOL MARK,,,Symbol mark / SYMBOL MARK 반복 제거.,,,,,번역 문구
brand-fn3iox19,브랜드,기본 로고타입 / 심볼 마크,민트 레이어 / 바이오 · 생명의 흐름,Mint layer / Bio — the flow of life,,,,,,,,번역 문구
brand-1lvv9fu19,브랜드,기본 로고타입 / 심볼 마크,애저 레이어 / AI · 데이터의 광채,Azure layer / AI — the brilliance of data,,,,,,,,번역 문구
brand-1jxnq0p18,브랜드,기본 로고타입 / 심볼 마크,두 레이어의 교차점 / 혁신과 연결,Where the layers cross / Innovation and connection,,,,,,,,번역 문구
brand-17y4sva49,브랜드,기본 로고타입 / 심볼 마크,"두 개의 레이어가 교차하는 추상 심볼입니다. / 워드마크와 함께 쓰거나, 작은 매체에서는 단독으로 씁니다.","An abstract symbol of two crossing layers. / Use it with the wordmark, or on its own in small formats.",,,,,,,,번역 문구
brand-1w59z3g26,브랜드,사용 규정 · 여백,사용 규정 · 여백 / USAGE & CLEAR SPACE,USAGE & CLEAR SPACE,,,동일 영문 라벨 반복 제거.,,,,,번역 문구
brand-1bjj0nh36,브랜드,사용 규정 · 여백,최소 크기 / 120px / 32mm 이상 — 이보다 작으면 심볼 단독형을 쓴다,"Minimum size / 120 px / 32 mm or larger — below this, use the symbol alone",,,,,,,,번역 문구
brand-n1rchm34,브랜드,사용 규정 · 여백,여백 / 사방으로 심볼 높이의 1배 이상 — 다른 요소를 이 안에 두지 않는다,Clear space / At least the height of the symbol on all sides — place nothing inside it,,,,,,,,번역 문구
brand-1kfhw0a30,브랜드,사용 규정 · 여백,색상 / 3색 컬러 / 단색 네이비 / 단색 검정 / 흰색 반전만 허용,"Color / Three-color, mono navy, mono black and reversed white only",,,,,,,,번역 문구
brand-1pthdma34,브랜드,사용 규정 · 여백,금지 / 비율 변경 · 회전 · 그림자 · 임의 색 · 배경과 대비가 부족한 배치,"Never / Alter the proportions, rotate, add shadows, use unapproved colors, or place the logo on a low-contrast background",,,국문이 「금지」 라벨 + 목록 구조라 Never 라벨을 남겼습니다. 목록 문면은 검토안대로입니다. / Rescale the proportions보다 alter the proportions가 정확하다.,,,,,번역 문구
brand-thl5ta18,브랜드,03 브랜드 컬러 (#color),BRAND COLOR / 브랜드 컬러,BRAND COLOR,,,,,,,,번역 문구
brand-tjwsfl16,브랜드,03 브랜드 컬러 (#color),"3색의 조화, 하나의 정체성","Three colors in balance, one identity",,,,,,,,번역 문구
brand-1uw75v376,브랜드,03 브랜드 컬러 (#color),"B-CITY의 Indigo는 도시의 무게중심, Mint는 생명의 흐름, Azure는 데이터의 광채. 세 가지 색은 각자 다른 의미를 품으면서도 하나의 정체성으로 작동합니다","Indigo is the city’s anchor, Mint the flow of life, Azure the brilliance of data. Each color carries its own meaning, and together they work as one identity",,,,,,,,번역 문구
brand-1x1l80814,브랜드,03 브랜드 컬러 (#color),Indigo / 인디고,Indigo,,,작업 지시는 메모 칸으로 옮기고 최종 영문 값만 제공. 그대로 유지할 문구도 실제 문자열을 기입. ,,,,,번역 문구
brand-shb2cl12,브랜드,03 브랜드 컬러 (#color),신뢰 · 안정 · 깊이 · 지속성,Trust · Stability · Depth · Endurance,,,,,,,,번역 문구
brand-wxvqg967,브랜드,03 브랜드 컬러 (#color),"깊고 단단한 인디고는 도시의 무게중심입니다. 흔들림 없는 사업 추진력, 신뢰할 수 있는 파트너십, 그리고 오래도록 이어질 미래 도시의 안정감을 상징합니다.","Deep and solid, Indigo is the city’s anchor. It stands for steady delivery, dependable partnerships, and the stability of a city built to last.","Indigo stands for stability, steady progress and trusted partnerships.",브랜드 컬러 요약용. 도시의 무게중심·지속성 설명은 상세에 유지., 모바일 축약안은 이번 CSV에서 추가 검토 대상으로 작성.,,,,,번역 문구
brand-1k39aqe11,브랜드,03 브랜드 컬러 (#color),Mint / 민트,Mint,,,,,,,,번역 문구
brand-19kj3ni12,브랜드,03 브랜드 컬러 (#color),바이오 · 생명 · 성장 · 자연,Bio · Life · Growth · Nature,,,,,,,,번역 문구
brand-1hqs2br70,브랜드,03 브랜드 컬러 (#color),"청량하고 생기 있는 민트는 생명의 흐름입니다. DNA의 이중나선처럼 끊임없이 이어지는 바이오의 맥박, 그리고 자연과 첨단이 어우러진 도시의 호흡을 담았습니다.","Fresh and alive, Mint is the flow of life. It holds the pulse of biotechnology — continuous as the DNA double helix — and the breath of a city where nature and technology meet.","Mint connects life, biotechnology, nature and the city.",브랜드 컬러 요약용. DNA 연속성 비유 등 상세 의미는 펼침 설명에 유지., 모바일 축약안은 이번 CSV에서 추가 검토 대상으로 작성.,,,,,번역 문구
brand-10e36ht12,브랜드,03 브랜드 컬러 (#color),Azure / 애저,Azure,,,,,,,,번역 문구
brand-1k4cg1d13,브랜드,03 브랜드 컬러 (#color),AI · 데이터 · 디지털 · 혁신,AI · Data · Digital · Innovation,,,,,,,,번역 문구
brand-7pfz2t63,브랜드,03 브랜드 컬러 (#color),"맑고 선명한 애저는 데이터의 광채입니다. AI와 디지털이 만들어내는 빛의 흐름, 그리고 도시 곳곳에서 펼쳐지는 첨단 기술의 가능성을 상징합니다.","Clear and bright, Azure is the brilliance of data. It stands for the currents of light that AI and digital technology create, and for the possibilities of advanced technology across the city.","Azure represents AI, data and the possibilities of advanced technology.",브랜드 컬러 요약용. 데이터의 광채라는 개념은 색상 제목/상세 설명에 유지., 모바일 축약안은 이번 CSV에서 추가 검토 대상으로 작성.,,,,,번역 문구
brand-v4nyiw16,브랜드,03 브랜드 컬러 (#color),HEX / RGB / CMYK / PMS,HEX / RGB / CMYK / PMS,,,작업 지시는 메모 칸으로 옮기고 최종 영문 값만 제공. 그대로 유지할 문구도 실제 문자열을 기입. ,,,,,번역 문구
brand-9k367a50,브랜드,03 브랜드 컬러 (#color),#2C3E91 · 44 · 62 · 145 · 100 · 85 · 0 · 15 · PANTONE 2735 C,#2C3E91 · 44 · 62 · 145 · 100 · 85 · 0 · 15 · PANTONE 2735 C,,,작업 지시는 메모 칸으로 옮기고 최종 영문 값만 제공. 그대로 유지할 문구도 실제 문자열을 기입. ,,,,,번역 문구
brand-1gcz5pk49,브랜드,03 브랜드 컬러 (#color),#3DBFA8 · 61 · 191 · 168 · 70 · 0 · 40 · 0 · PANTONE 7472 C,#3DBFA8 · 61 · 191 · 168 · 70 · 0 · 40 · 0 · PANTONE 7472 C,,,작업 지시는 메모 칸으로 옮기고 최종 영문 값만 제공. 그대로 유지할 문구도 실제 문자열을 기입. ,,,,,번역 문구
brand-v4fgnd48,브랜드,03 브랜드 컬러 (#color),#0095D9 · 0 · 149 · 217 · 85 · 30 · 0 · 0 · PANTONE 2925 C,#0095D9 · 0 · 149 · 217 · 85 · 30 · 0 · 0 · PANTONE 2925 C,,,작업 지시는 메모 칸으로 옮기고 최종 영문 값만 제공. 그대로 유지할 문구도 실제 문자열을 기입. ,,,,,번역 문구
brand-k4dhp40,브랜드,마무리 카피,"이름과 심볼, 색이 하나의 규칙으로 움직일 때 / 브랜드는 도시의 얼굴이 됩니다","When name, symbol and color move by one set of rules, / a brand becomes the face of the city","One language of name, symbol and color / The face of the city",통일된 사용 규칙에 따른 브랜드 정체성 의미를 브랜드 가이드에 유지. /는 줄바꿈 제안., 모바일 축약안은 이번 CSV에서 추가 검토 대상으로 작성.,,,,,번역 문구
concept-ls106618,컨셉,도입부 (#concept),CITY CONCEPT / 도시 컨셉,CITY CONCEPT,,,,,,,,번역 문구
concept-1kc2v4h47,컨셉,도입부 (#concept),"AI를 기반으로 BIO · 로보틱스 산업이 / 성장하는 AI Platform, B-CITY","AI-driven growth in biotech and robotics / B-CITY, an AI Platform","AI-driven biotech and robotics / B-CITY, an AI Platform",메인 43행과 동일하게 적용. 성장이라는 상세 의미는 인접 설명에 유지.,⚠ 국문이 「AI Platform」으로 확정(2026-09-14). 또 바뀔 수 있습니다. / 메인 43행과 동일한 컨셉 문구 사용. 승인된 AI Living Lab을 다른 슬로건으로 임의 교체하지 않는다. 모바일 축약안은 이번 CSV에서 추가 검토 대상으로 작성. (1차 ID concept-13rcq1g48),,,,,번역 문구
concept-1lfhl0k71,컨셉,도입부 (#concept),AI DATA · BIO INDUSTRY · PHYSICAL AI · FOOD CLUSTER / 4개의 축이 유기적으로 연결되어 완성되는 미래 산업 혁신 허브,"AI DATA · BIO INDUSTRY · PHYSICAL AI · FOOD CLUSTER / Four connected industries, one innovation hub",Four connected industries / One innovation hub,4대 산업명이 배지 또는 인접 제목에 모두 노출될 때만 사용.,axes는 추상적. 4개 산업 축이라는 내용을 명료하게 전달. 모바일 축약안은 이번 CSV에서 추가 검토 대상으로 작성.,,,,,번역 문구
concept-il09m728,컨셉,도입부 (#concept),AI / Platform / B-CITY (허브),AI / Platform / B-CITY,,,⚠ 국문이 「AI Platform」으로 확정(2026-09-14). 또 바뀔 수 있습니다. / 작업 지시는 메모 칸으로 옮기고 최종 영문 값만 제공. 그대로 유지할 문구도 실제 문자열을 기입. (1차 ID concept-6nq3aa29),,,,,번역 문구
concept-x72tdy47,컨셉,도입부 (#concept),AI DATA / BIO INDUSTRY / PHYSICAL AI / FOOD CLUSTER (배지),AI DATA / BIO INDUSTRY / PHYSICAL AI / FOOD CLUSTER,,,작업 지시는 메모 칸으로 옮기고 최종 영문 값만 제공. 그대로 유지할 문구도 실제 문자열을 기입. ,,,,,번역 문구
concept-wxuo4o19,컨셉,01 AI DATA (#ai-data),01 데이터 인프라와 AI 컴퓨팅의 시작,01 Where data infrastructure and AI computing begin,01 Data infrastructure and AI computing,뜻을 유지한 축약안. 실제 영문 화면에서 넘침·과도한 줄바꿈이 있을 때만 적용하고 모바일 줄 수를 재검증., 모바일 축약안은 이번 CSV에서 추가 검토 대상으로 작성.,,,,,번역 문구
concept-1xvg7hr34,컨셉,01 AI DATA (#ai-data),첨단 스마트 도시를 견인하는 / 최대 435MW 하이퍼스케일 데이터센터,A planned hyperscale data center campus with up to 435 MW of power supply capacity / powering a smart city,,,단수 center가 전체 435 MW를 가진 하나의 건물처럼 읽힐 수 있음. 합산 계획 용량 및 공개 범위 확인 후 사용.,,,,,번역 문구
concept-oz5gfu34,컨셉,01 AI DATA (#ai-data),AI 확산으로 급증하는 전력 수요에 부합하는 하이퍼스케일 데이터센터 거점 도시,A hyperscale data center hub designed for growing demand for AI computing and power,,,matched to the power demand that AI is driving up은 부자연스럽다. 이미 전력 확보 완료를 뜻하지 않게 표현.,,,,,번역 문구
concept-1e5uftt27,컨셉,01 AI DATA (#ai-data),전력 인프라 / 최대 435MW 하이퍼스케일 수전 체계,Power infrastructure / A hyperscale supply of up to 435 MW,,,⚠ 1차 CSV 에 없던 행 — 이번에 처음 봐 주세요.,,,,,번역 문구 · 신규
concept-xcpmsr21,컨셉,01 AI DATA (#ai-data),최대 수전용량 435MW · 154kV 직접 수전,Incoming power capacity of up to 435 MW · direct 154 kV connection,,,⚠ 1차 CSV 에 없던 행 — 이번에 처음 봐 주세요.,,,,,번역 문구 · 신규
concept-1h9pdul18,컨셉,01 AI DATA (#ai-data),목표 PUE 1.2 의 저비용 · 고효율 설계,"Low-cost, high-efficiency design targeting a PUE of 1.2",,,⚠ 1차 CSV 에 없던 행 — 이번에 처음 봐 주세요.,,,,,번역 문구 · 신규
concept-tdpkqe30,컨셉,01 AI DATA (#ai-data),집적 규모 / DC1~DC5 5개 블록의 데이터센터 집적단지,"Scale / A data center complex across five blocks, DC1–DC5",,,⚠ 1차 CSV 에 없던 행 — 이번에 처음 봐 주세요.,,,,,번역 문구 · 신규
concept-6zcven15,컨셉,01 AI DATA (#ai-data),DC1~DC5 5개 블록 순차 개발,"Five blocks, DC1–DC5, developed in sequence",,,⚠ 1차 CSV 에 없던 행 — 이번에 처음 봐 주세요.,,,,,번역 문구 · 신규
concept-tpyvfy18,컨셉,01 AI DATA (#ai-data),Low & Wide 설계로 초기 투자비 절감,Low-and-wide design reduces up-front investment,,,⚠ 1차 CSV 에 없던 행 — 이번에 처음 봐 주세요.,,,,,번역 문구 · 신규
concept-wpsl7z13,컨셉,01 AI DATA (#ai-data),입주기업 전용 데이터센터 구축,Dedicated data centers for tenant companies,,,⚠ 1차 CSV 에 없던 행 — 이번에 처음 봐 주세요.,,,,,번역 문구 · 신규
concept-1mtl75z30,컨셉,01 AI DATA (#ai-data),연산 기반 / AI 연산부터 도시 운영까지 담당하는 컴퓨팅 기반,Compute / The computing base for AI workloads and city operations alike,,,⚠ 1차 CSV 에 없던 행 — 이번에 처음 봐 주세요.,,,,,번역 문구 · 신규
concept-n5uhh20,컨셉,01 AI DATA (#ai-data),NVIDIA 기반 고성능 GPU 바이오 플랫폼,A high-performance NVIDIA GPU platform for bio,,,⚠ 1차 CSV 에 없던 행 — 이번에 처음 봐 주세요.,,,,,번역 문구 · 신규
concept-148xthp17,컨셉,01 AI DATA (#ai-data),바이오 · 의료 데이터 수집 · 관리 · 연구,"Collection, management and research of bio and medical data",,,⚠ 1차 CSV 에 없던 행 — 이번에 처음 봐 주세요.,,,,,번역 문구 · 신규
concept-svvh9y14,컨셉,01 AI DATA (#ai-data),도시 운영 시스템 실시간 연산 지원,Real-time compute for city operating systems,,,⚠ 1차 CSV 에 없던 행 — 이번에 처음 봐 주세요.,,,,,번역 문구 · 신규
concept-1fml44u24,컨셉,02 BIO INDUSTRY (#bio),02 연구부터 생산까지 이어지는 바이오 혁신 생태계,02 A bio innovation ecosystem from research through production,02 Biotech innovation from research to production,뜻을 유지한 축약안. 실제 영문 화면에서 넘침·과도한 줄바꿈이 있을 때만 적용하고 모바일 줄 수를 재검증., 모바일 축약안은 이번 CSV에서 추가 검토 대상으로 작성.,,,,,번역 문구
concept-1ps5ufi48,컨셉,02 BIO INDUSTRY (#bio),美 생물보안법 시행에 따른 역대급 수주기회를 선점할 / AI를 활용한 신약개발 및 중소형 CDMO 거점 도시,A hub for AI-driven drug development and small- and mid-sized CDMOs / positioned for new opportunities associated with the U.S. BIOSECURE Act,,,order flow는 증권 주문흐름을 연상시켜 제약 수주에 부적절. 신약개발은 development. 법 시행 효과와 기회 단정은 근거 확인 후 국문과 함께 조정.,,,,,번역 문구
concept-1dtnku660,컨셉,02 BIO INDUSTRY (#bio),"27~28년 美 생물보안법 효력 발생 시 글로벌 제약사의 中 의존 탈피 및 블록버스터 특허 만료 도래, 한국 CDMO · CRO에 역대급 수주 기회","As the U.S. BIOSECURE Act takes effect in 2027–28, global pharmaceutical companies are shifting away from Chinese suppliers, coinciding with the blockbuster patent cliff — an unprecedented opportunity for Korean CDMOs and CROs",,,2027–28년에 일괄 효력이 발생한다는 문장은 법 원문·적용 대상·시행 시점의 별도 검증 필요. 이번 확인에서 공식 법 전문 접근이 제한되어 시행 시점을 확정하지 않았다. Chinese suppliers 전체에 적용되는 것처럼 과도하게 일반화하지 않는다.,,,,,번역 문구
concept-m161ah26,컨셉,02 BIO INDUSTRY (#bio),연구개발 / AI 신약개발 · 유전체 분석 기반 R&D,R&D / AI drug discovery and genomics-based research,,,⚠ 1차 CSV 에 없던 행 — 이번에 처음 봐 주세요.,,,,,번역 문구 · 신규
concept-tfjpib23,컨셉,02 BIO INDUSTRY (#bio),AI 기반 신약 R&D (암 · 당뇨 등 난치 · 희귀 질환),"AI-driven drug R&D for intractable and rare diseases, including cancer and diabetes",,,⚠ 1차 CSV 에 없던 행 — 이번에 처음 봐 주세요.,,,,,번역 문구 · 신규
concept-saxg8k14,컨셉,02 BIO INDUSTRY (#bio),유전체 분석 기반 바이오마커 발굴,Biomarker discovery through genomic analysis,,,⚠ 1차 CSV 에 없던 행 — 이번에 처음 봐 주세요.,,,,,번역 문구 · 신규
concept-12msqwy16,컨셉,02 BIO INDUSTRY (#bio),AI 기반 디지털 헬스케어 연구 · 개발,Research and development in AI-driven digital health,,,⚠ 1차 CSV 에 없던 행 — 이번에 처음 봐 주세요.,,,,,번역 문구 · 신규
concept-7poszh27,컨셉,02 BIO INDUSTRY (#bio),생산 · 임상 / 위탁생산부터 임상까지 완결형 밸류체인,Production & clinical / A complete value chain from contract manufacturing to trials,,,⚠ 1차 CSV 에 없던 행 — 이번에 처음 봐 주세요.,,,,,번역 문구 · 신규
concept-ghq92s19,컨셉,02 BIO INDUSTRY (#bio),중소형 CDMO 공장 신 · 증설에 적합한 부지,Sites suited to new build and expansion of small- to mid-size CDMO plants,,,⚠ 1차 CSV 에 없던 행 — 이번에 처음 봐 주세요.,,,,,번역 문구 · 신규
concept-eu1q3714,컨셉,02 BIO INDUSTRY (#bio),중소 규모 바이오 · 제약 기업 집적,A concentration of small and mid-size bio and pharma companies,,,⚠ 1차 CSV 에 없던 행 — 이번에 처음 봐 주세요.,,,,,번역 문구 · 신규
concept-qgnky717,컨셉,02 BIO INDUSTRY (#bio),임상 연구 지원 인프라를 통한 상용화 지원,Clinical research infrastructure that supports commercialization,,,⚠ 1차 CSV 에 없던 행 — 이번에 처음 봐 주세요.,,,,,번역 문구 · 신규
concept-w4dt0z27,컨셉,02 BIO INDUSTRY (#bio),"집적 규모 / 82,000평 규모 첨단 바이오 클러스터","Scale / An advanced bio cluster of 271,000 m²",,,⚠ 1차 CSV 에 없던 행 — 이번에 처음 봐 주세요.,,,,,번역 문구 · 신규
concept-opzo4z18,컨셉,02 BIO INDUSTRY (#bio),"첨단 바이오 클러스터 82,000평 조성","An advanced bio cluster of 271,000 m² (82,000 pyeong)",,,⚠ 1차 CSV 에 없던 행 — 이번에 처음 봐 주세요.,,,,,번역 문구 · 신규
concept-zg07d023,컨셉,02 BIO INDUSTRY (#bio),데이터 수집 · AI 분석 · 생산으로 이어지는 밸류체인,A value chain from data collection to AI analysis to production,,,⚠ 1차 CSV 에 없던 행 — 이번에 처음 봐 주세요.,,,,,번역 문구 · 신규
concept-puxz7e18,컨셉,02 BIO INDUSTRY (#bio),생산 · 임상 데이터 환류로 선순환 구조 실현,"Production and clinical data feed back in, compounding the cycle",,,⚠ 1차 CSV 에 없던 행 — 이번에 처음 봐 주세요.,,,,,번역 문구 · 신규
concept-6yqjvs26,컨셉,03 PHYSICAL AI (#physical-ai),03 로봇 · 모빌리티 · AI 자동화가 구현되는 미래 도시,"03 A future city running on robotics, mobility and AI automation","03 Robotics, mobility and AI automation",미래 도시에서 구현·실증한다는 의미는 아래 설명에 유지., 모바일 축약안은 이번 CSV에서 추가 검토 대상으로 작성.,,,,,번역 문구
concept-hxax2338,컨셉,03 PHYSICAL AI (#physical-ai),로봇 · 자율주행 · AI 자동화를 구현하는 / 첨단 Physical AI 선도 도시,"A leading Physical AI city, built on robotics, / autonomous driving and AI automation","A Physical AI city / Robotics, autonomy and automation",선도도시라는 비전과 실제 도시 적용 설명을 인접 본문에 유지. /는 줄바꿈 제안., 모바일 축약안은 이번 CSV에서 추가 검토 대상으로 작성.,,,,,번역 문구
concept-zdnhtu38,컨셉,03 PHYSICAL AI (#physical-ai),AI 기술을 실제 도시 환경에 적용하여 산업 · 교통 · 생활 전반의 혁신을 실현하는 미래 도시,"A future city that applies AI in the real urban environment, across industry, transport and daily life",,,,,,,,번역 문구
concept-c4g0su27,컨셉,03 PHYSICAL AI (#physical-ai),지능형 로보틱스 / 휴머노이드 · 서비스 로봇 실증 거점,Intelligent robotics / A demonstration base for humanoid and service robots,,,⚠ 1차 CSV 에 없던 행 — 이번에 처음 봐 주세요.,,,,,번역 문구 · 신규
concept-13u7hqu15,컨셉,03 PHYSICAL AI (#physical-ai),AI 기반 로보틱스 R&D 센터 유치,Attracting AI robotics R&D centers,,,⚠ 1차 CSV 에 없던 행 — 이번에 처음 봐 주세요.,,,,,번역 문구 · 신규
concept-1k51olq17,컨셉,03 PHYSICAL AI (#physical-ai),휴머노이드 · 서비스 로봇 실증 트랙 구축,Demonstration tracks for humanoid and service robots,,,⚠ 1차 CSV 에 없던 행 — 이번에 처음 봐 주세요.,,,,,번역 문구 · 신규
concept-88frbk15,컨셉,03 PHYSICAL AI (#physical-ai),로봇 부품 · 소재 협력 클러스터 조성,A cluster for robot components and materials,,,⚠ 1차 CSV 에 없던 행 — 이번에 처음 봐 주세요.,,,,,번역 문구 · 신규
concept-hrqilu28,컨셉,03 PHYSICAL AI (#physical-ai),스마트 모빌리티 / 자율주행 · 미래 모빌리티 상용화 도시,Smart mobility / A city commercializing autonomous and next-generation mobility,,,⚠ 1차 CSV 에 없던 행 — 이번에 처음 봐 주세요.,,,,,번역 문구 · 신규
concept-bl8xhb11,컨셉,03 PHYSICAL AI (#physical-ai),자율주행 실증 도로망 구축,A road network for autonomous-driving trials,,,⚠ 1차 CSV 에 없던 행 — 이번에 처음 봐 주세요.,,,,,번역 문구 · 신규
concept-1w3hmqd19,컨셉,03 PHYSICAL AI (#physical-ai),도심항공교통(UAM) 이착륙 인프라 조성,Take-off and landing infrastructure for Urban Air Mobility (UAM),,,⚠ 1차 CSV 에 없던 행 — 이번에 처음 봐 주세요.,,,,,번역 문구 · 신규
concept-178a8h415,컨셉,03 PHYSICAL AI (#physical-ai),스마트 물류 · 배송 로봇 상용화 지원,Support for commercializing smart logistics and delivery robots,,,⚠ 1차 CSV 에 없던 행 — 이번에 처음 봐 주세요.,,,,,번역 문구 · 신규
concept-7mx6qo30,컨셉,03 PHYSICAL AI (#physical-ai),AI 자동화 / 설계부터 관제까지 도시 전반의 디지털 통합 운영,AI automation / Integrated digital operation from design through monitoring,,,⚠ 1차 CSV 에 없던 행 — 이번에 처음 봐 주세요.,,,,,번역 문구 · 신규
concept-1x3rd0q21,컨셉,03 PHYSICAL AI (#physical-ai),도시 설계 단계 디지털 트윈 시뮬레이션 기반 최적화,Digital-twin simulation to optimize the city at the design stage,,,⚠ 1차 CSV 에 없던 행 — 이번에 처음 봐 주세요.,,,,,번역 문구 · 신규
concept-11w9pj227,컨셉,03 PHYSICAL AI (#physical-ai),설계 · 건설 · 에너지 · 교통 등 도시 인프라 통합 관리 시스템 구현,"One management system across design, construction, energy and transport",,,⚠ 1차 CSV 에 없던 행 — 이번에 처음 봐 주세요.,,,,,번역 문구 · 신규
concept-flcid019,컨셉,03 PHYSICAL AI (#physical-ai),AI 를 통한 도시데이터 표준화 및 실시간 대응,AI-led standardization of city data and real-time response,,,⚠ 1차 CSV 에 없던 행 — 이번에 처음 봐 주세요.,,,,,번역 문구 · 신규
concept-1f9nio021,컨셉,04 FOOD CLUSTER (#food),04 스마트 푸드와 물류가 연결되는 산업 허브,04 An industrial hub where smart food meets logistics,04 Smart food and logistics,뜻을 유지한 축약안. 실제 영문 화면에서 넘침·과도한 줄바꿈이 있을 때만 적용하고 모바일 줄 수를 재검증., 모바일 축약안은 이번 CSV에서 추가 검토 대상으로 작성.,,,,,번역 문구
concept-146gooh49,컨셉,04 FOOD CLUSTER (#food),연 2조원의 대규모 군 급식 민간 위탁 수요를 안정적으로 확보하는 / 차세대 강원형 푸드물류 클러스터 거점 도시,A next-generation food and logistics cluster — a Gangwon model — / with secure access to KRW 2 trillion a year in outsourced military food service,,,"secure access to KRW 2 trillion a year는 B-CITY가 시장 전체 물량을 확보했다는 뜻으로 읽힌다. 원문도 안정적 확보를 주장하므로 실제 계약·시장규모 근거 확인 필요. 시장 대응 의미라면 “A next-generation food and logistics hub in Gangwon, designed to serve demand in Korea’s outsourced military food-service market.”로 국문·영문 동시 조정.",,,,,번역 문구
concept-bpy6qn46,컨셉,04 FOOD CLUSTER (#food),2022년부터 급식업체 선정에 완전경쟁입찰제가 도입되어 민간 위탁 급식이 점진적으로 확대되고 있습니다,"Open competitive bidding for food service contracts was introduced in 2022, and outsourcing has been expanding since",,,,,,,,번역 문구
concept-8uv1k732,컨셉,04 FOOD CLUSTER (#food),콜드체인 인프라 / 대규모 저온 · 냉동 저장소와 전국 물류 네트워크,"Cold chain / Large-scale chilled and frozen storage, with a nationwide network",,,⚠ 1차 CSV 에 없던 행 — 이번에 처음 봐 주세요.,,,,,번역 문구 · 신규
concept-1uuann814,컨셉,04 FOOD CLUSTER (#food),AI 환경제어 스마트 보관 시스템,AI-controlled smart storage,,,⚠ 1차 CSV 에 없던 행 — 이번에 처음 봐 주세요.,,,,,번역 문구 · 신규
concept-wo1kbk13,컨셉,04 FOOD CLUSTER (#food),대규모 저온 · 냉동 저장소 운영,Large-scale chilled and frozen warehousing,,,⚠ 1차 CSV 에 없던 행 — 이번에 처음 봐 주세요.,,,,,번역 문구 · 신규
concept-1ofhbch17,컨셉,04 FOOD CLUSTER (#food),강원 · 수도권 · 전국 통합 물류 네트워크,"An integrated network across Gangwon, the Seoul metropolitan area and the country",,,⚠ 1차 CSV 에 없던 행 — 이번에 처음 봐 주세요.,,,,,번역 문구 · 신규
concept-dhbm7l28,컨셉,04 FOOD CLUSTER (#food),푸드테크 생태계 / ICT · R&D 기반 미래형 식품산업,Food tech / A future food industry built on ICT and R&D,,,⚠ 1차 CSV 에 없던 행 — 이번에 처음 봐 주세요.,,,,,번역 문구 · 신규
concept-v76iog14,컨셉,04 FOOD CLUSTER (#food),ICT 환경제어 스마트 연구관리,ICT-controlled smart research management,,,⚠ 1차 CSV 에 없던 행 — 이번에 처음 봐 주세요.,,,,,번역 문구 · 신규
concept-13f3pg519,컨셉,04 FOOD CLUSTER (#food),라이프로그 · 헬스데이터 기반 맞춤 케이터링,Personalized catering from lifelog and health data,,,⚠ 1차 CSV 에 없던 행 — 이번에 처음 봐 주세요.,,,,,번역 문구 · 신규
concept-18lydxt17,컨셉,04 FOOD CLUSTER (#food),차세대 먹거리 연구 · 양산 산업 환경 조성,An environment for researching and mass-producing next-generation foods,,,⚠ 1차 CSV 에 없던 행 — 이번에 처음 봐 주세요.,,,,,번역 문구 · 신규
concept-y31hg025,컨셉,04 FOOD CLUSTER (#food),지역 연계 / 광역 물류 거점과 군 급식 위탁 수요 연계,Regional links / A logistics hub tied to outsourced military food service,,,⚠ 1차 CSV 에 없던 행 — 이번에 처음 봐 주세요.,,,,,번역 문구 · 신규
concept-2x2st018,컨셉,04 FOOD CLUSTER (#food),강원 · 수도권 · 전국을 잇는 광역 물류 거점,"A regional logistics hub linking Gangwon, the Seoul metropolitan area and the country",,,⚠ 1차 CSV 에 없던 행 — 이번에 처음 봐 주세요.,,,,,번역 문구 · 신규
concept-2rqmal14,컨셉,04 FOOD CLUSTER (#food),강원권 군 부대 급식 위탁 수요 연계,Serving outsourced food service demand from Gangwon's military bases,,,⚠ 1차 CSV 에 없던 행 — 이번에 처음 봐 주세요.,,,,,번역 문구 · 신규
concept-1v68cpa10,컨셉,04 FOOD CLUSTER (#food),안정적 대규모 판로 확보,"A secure, large-scale route to market",,,⚠ 1차 CSV 에 없던 행 — 이번에 처음 봐 주세요.,,,,,번역 문구 · 신규
concept-jwd2i643,컨셉,마무리 카피,"4대 산업이 만드는 하나의 도시, B-CITY는 대한민국 첨단 산업의 새로운 중심이 됩니다","Four industries, one city — B-CITY becomes the new center of Korea’s advanced industry",Four industries / A new hub for Korea’s future,4대 산업명과 도시의 첨단산업 중심 비전을 인접 콘텐츠에 유지., 모바일 축약안은 이번 CSV에서 추가 검토 대상으로 작성.,,,,,번역 문구
concept-197pbmu11,컨셉,영상 · 이미지 aria/alt,데이터센터 컴퓨팅 인프라,Data center computing infrastructure,,,,,,,,번역 문구
concept-1a15pww7,컨셉,영상 · 이미지 aria/alt,정밀 바이오 연구,Precision bio research,,,,,,,,번역 문구
districts-1te4vlk16,구역 소개,도입부,DISTRICTS / 구역 소개,DISTRICTS,,,,,,,,번역 문구
districts-d6huca25,구역 소개,도입부,"110만평, / 계획된 미래 도시의 청사진","3.63 million m², / the blueprint for a planned future city",Approx. 3.63 km² / A blueprint for the future city,총면적은 상세 m² 정본 확인 후 사용. /는 줄바꿈 제안., 모바일 축약안은 이번 CSV에서 추가 검토 대상으로 작성.,,,,,번역 문구
districts-1q8lf3k103,구역 소개,도입부,산업 · 주거 · 상업 · 공공이 유기적으로 어우러지는 거대 융합도시 / AI · BIO · FOOD · MICE 4대 클러스터와 주거 · 교육 · 업무 · 레저 4대 콤플렉스로 / 구성된 8개 권역이 하나의 도시 생태계를 완성합니다,"Industry, housing, commerce and public services converge in a single integrated city. / Four clusters — AI, biotechnology, food and MICE — and four complexes — / housing, education, business and leisure — form eight connected districts.",Four clusters and four complexes / Eight connected districts,요약 리드용. 산업·주거·상업·공공 기능과 8개 권역 이름이 같은 페이지에 모두 제공되어야 함.,large mixed city / living complexes는 부자연스럽다. 4+4 체계와 8개 권역명은 보존. 모바일 축약안은 이번 CSV에서 추가 검토 대상으로 작성.,,,,,번역 문구
districts-1kean8f15,구역 소개,도입부,권역 부지 약 65.2만평,Districts 2.16 million m²,,,,,,,,번역 문구
districts-qa5wdg15,구역 소개,도입부,총 사업면적 약 110만평,Total 3.63 million m²,,,,,,,,번역 문구
districts-r5co1a19,구역 소개,섹션 머리,CLUSTER / 산업 · 4대 클러스터,CLUSTER / Industry — four clusters,,,,,,,,번역 문구
districts-fwco5f19,구역 소개,섹션 머리,COMPLEX / 생활 · 4대 콤플렉스,COMPLEX / Living — four complexes,,,,,,,,번역 문구
districts-1jxmc5d5,구역 소개,탭 (.dz-tab — 366px · 39자 예산),AI 데이터,AI Data,,,,,,,,번역 문구
districts-1a4170b5,구역 소개,탭 (.dz-tab — 366px · 39자 예산),첨단 바이오,Advanced Bio,,,,,,,,번역 문구
districts-p2g28d4,구역 소개,탭 (.dz-tab — 366px · 39자 예산),푸드 물류,Food & Logistics,,,,,,,,번역 문구
districts-1bb1kz57,구역 소개,탭 (.dz-tab — 366px · 39자 예산),바이오MICE,Bio-MICE,,,,,,,,번역 문구
districts-1e2wjj14,구역 소개,탭 (.dz-tab — 366px · 39자 예산),비즈니스,Business,,,,,,,,번역 문구
districts-1f6uf4w3,구역 소개,탭 (.dz-tab — 366px · 39자 예산),하우징,Housing,,,,,,,,번역 문구
districts-131yot2,구역 소개,탭 (.dz-tab — 366px · 39자 예산),에듀,Education,,,,,,,,번역 문구
districts-uppkzt4,구역 소개,탭 (.dz-tab — 366px · 39자 예산),골프레저,Golf & Leisure,,,,,,,,번역 문구
districts-1ccwi9h4,구역 소개,표 공통,부지 개요,Site overview,,,,,,,,번역 문구
districts-13wxus95,구역 소개,표 공통,구역별 면적,Area by block,,,,,,,,번역 문구
districts-21ea6i6,구역 소개,표 공통,구역 / ㎡ / 평,Block / m² / pyeong,,,,,,,,번역 문구
districts-t0u2xx5,구역 소개,표 공통,합계 / 소계,Total / Subtotal,,,,,,,,번역 문구
districts-1r75y1a27,구역 소개,표 공통,용도지역 / 용적률 / 건폐율 / 층수 / 비고 / 시설 / 수량 / 구분,Zoning / FAR / BCR / Max. floors / Notes / Facility / Qty / Item,,,,,,,,번역 문구
districts-u51f6i33,구역 소개,표 공통,※ 상기 구획은 인허가 또는 관계 기관 협의 등 사업 진행 과정에서 변경될 수 있음.,* Block boundaries above may change through permitting and consultation with the authorities.,,,,,,,,번역 문구
districts-1mscfie13,구역 소개,01 AI 데이터 클러스터 → AI Data Cluster,01 AI 데이터 클러스터,01 AI Data Cluster,,,,,,,,번역 문구
districts-n240aj20,구역 소개,01 AI 데이터 클러스터 → AI Data Cluster,국가대표급 하이퍼스케일 AI 데이터 클러스터,A leading hyperscale AI data cluster in Korea,A leading hyperscale AI data cluster,국내 선도급이라는 평가 범위는 인접 설명에 유지.,at national scale은 국가 전체 규모처럼 들림. 국가대표급을 규모 단정으로 바꾸지 않는다. 모바일 축약안은 이번 CSV에서 추가 검토 대상으로 작성.,,,,,번역 문구
districts-troxza41,구역 소개,01 AI 데이터 클러스터 → AI Data Cluster,최대 435MW AI 데이터센터 집적단지 조성 및 고성능 GPU 기반 AI바이오 데이터센터 구축,"A planned AI data center campus with up to 435 MW of power supply capacity, including a high-performance GPU data center for AI and biotechnology",,,GPU AI-bio data center의 수식 관계가 모호. GPU 기반인지 분야별 센터인지 명시. 435 MW 기준 확인 필요.,,,,,번역 문구
districts-11i3i2b32,구역 소개,01 AI 데이터 클러스터 → AI Data Cluster,"부지 면적 약 6.2만평 / 207,486㎡ (62,765평)","Site area 207,486 m² / 62,765 pyeong",,,,,,,,번역 문구
districts-vsvq8p28,구역 소개,01 AI 데이터 클러스터 → AI Data Cluster,용도지역 준공업지역 / 건폐율 70% · 용적률 400%,Zoning Semi-Industrial Zone / BCR 70% · FAR 400%,,,,,,,,번역 문구
districts-1hkps5a19,구역 소개,01 AI 데이터 클러스터 → AI Data Cluster,구성 DC1~DC5 / 총 5개 블럭,Composition DC1–DC5 / Five blocks,,,,,,,,번역 문구
districts-1ll33ej20,구역 소개,01 AI 데이터 클러스터 → AI Data Cluster,전력 435MW / 목표 PUE 1.2,Power 435 MW / Target PUE 1.2,,,,,,,,번역 문구
districts-bbmpek19,구역 소개,01 AI 데이터 클러스터 → AI Data Cluster,※ 5개의 데이터센터 부지로 구성된 집적 단지,* A complex of five data center sites,,,,,,,,번역 문구
districts-owbytz73,구역 소개,01 AI 데이터 클러스터 → AI Data Cluster,AI 데이터 클러스터는 B-CITY의 디지털 동력입니다. / 국가 AI 경쟁력의 새로운 기준이 되는 하이퍼스케일 데이터 인프라가 이곳에서 시작됩니다.,The AI Data Cluster is B-CITY’s digital engine. / Hyperscale data infrastructure that resets the benchmark for Korea’s AI competitiveness starts here.,B-CITY’s digital engine / Hyperscale AI data infrastructure,요약 마무리용. 국가 경쟁력이라는 비전과 계획 상태를 해당 섹션 본문에서 유지., 모바일 축약안은 이번 CSV에서 추가 검토 대상으로 작성.,,,,,번역 문구
districts-hu8lde15,구역 소개,01 AI 데이터 클러스터 → AI Data Cluster,하이퍼스케일 전력 인프라,Hyperscale power,,,⚠ 1차 CSV 에 없던 행 — 이번에 처음 봐 주세요.,,,,,번역 문구 · 신규
districts-xcpmsr21,구역 소개,01 AI 데이터 클러스터 → AI Data Cluster,최대 수전용량 435MW · 154kV 직접 수전,Incoming power capacity of up to 435 MW · direct 154 kV connection,,,⚠ 1차 CSV 에 없던 행 — 이번에 처음 봐 주세요.,,,,,번역 문구 · 신규
districts-1h9pdul18,구역 소개,01 AI 데이터 클러스터 → AI Data Cluster,목표 PUE 1.2의 저비용 · 고효율 설계,"Low-cost, high-efficiency design targeting a PUE of 1.2",,,⚠ 1차 CSV 에 없던 행 — 이번에 처음 봐 주세요.,,,,,번역 문구 · 신규
districts-tpyvfy18,구역 소개,01 AI 데이터 클러스터 → AI Data Cluster,Low & Wide 설계로 초기 투자비 절감,Low-and-wide design reduces up-front investment,,,⚠ 1차 CSV 에 없던 행 — 이번에 처음 봐 주세요.,,,,,번역 문구 · 신규
districts-j4y3sc15,구역 소개,01 AI 데이터 클러스터 → AI Data Cluster,바이오 의료데이터 플랫폼,Bio and medical data platform,,,⚠ 1차 CSV 에 없던 행 — 이번에 처음 봐 주세요.,,,,,번역 문구 · 신규
districts-16c66ko39,구역 소개,01 AI 데이터 클러스터 → AI Data Cluster,NVIDIA 기반 고성능 GPU 바이오 플랫폼 (클라라 파라브릭스 · BioNeMo 등),"A high-performance NVIDIA GPU bio platform (Clara Parabricks, BioNeMo and others)",,,⚠ 1차 CSV 에 없던 행 — 이번에 처음 봐 주세요.,,,,,번역 문구 · 신규
districts-1mgn6en19,구역 소개,01 AI 데이터 클러스터 → AI Data Cluster,고정밀 바이오 의료데이터 수집 · 관리 · 연구,"Collection, management and research of high-precision bio and medical data",,,⚠ 1차 CSV 에 없던 행 — 이번에 처음 봐 주세요.,,,,,번역 문구 · 신규
districts-b4vsf329,구역 소개,01 AI 데이터 클러스터 → AI Data Cluster,대학병원 데이터 및 지역 라이프로그 데이터 수집 등 협력 체계 구축 예정,Planned partnerships to gather university-hospital data and regional lifelog data,,,⚠ 1차 CSV 에 없던 행 — 이번에 처음 봐 주세요.,,,,,번역 문구 · 신규
districts-fnb29614,구역 소개,01 AI 데이터 클러스터 → AI Data Cluster,입주기업 전용 DC 구축,Dedicated data centers for tenants,,,⚠ 1차 CSV 에 없던 행 — 이번에 처음 봐 주세요.,,,,,번역 문구 · 신규
districts-1a8f85v15,구역 소개,01 AI 데이터 클러스터 → AI Data Cluster,바이오 · 의료 전용 AI 데이터센터,AI data centers dedicated to bio and medical work,,,⚠ 1차 CSV 에 없던 행 — 이번에 처음 봐 주세요.,,,,,번역 문구 · 신규
districts-1scei3e16,구역 소개,01 AI 데이터 클러스터 → AI Data Cluster,바이오 R&D 가속화 전용 SW 생태계,A software ecosystem built to accelerate bio R&D,,,⚠ 1차 CSV 에 없던 행 — 이번에 처음 봐 주세요.,,,,,번역 문구 · 신규
districts-zvuf6a8,구역 소개,01 AI 데이터 클러스터 → AI Data Cluster,데이터 안심존 운영,A data safe zone,,,⚠ 1차 CSV 에 없던 행 — 이번에 처음 봐 주세요.,,,,,번역 문구 · 신규
districts-14hf63p13,구역 소개,02 첨단 바이오 클러스터 → Advanced Bio Cluster,02 첨단 바이오 클러스터,02 Advanced Bio Cluster,,,,,,,,번역 문구
districts-646toc19,구역 소개,02 첨단 바이오 클러스터 → Advanced Bio Cluster,AI 기반 신약 R&D 및 중소형 CDMO 거점,A hub for AI-driven drug development and small- and mid-sized CDMOs,AI drug development and small- and mid-sized CDMOs,거점이라는 역할을 섹션 제목에 유지. 기업 규모인지 생산규모인지 확인 후 적용.,거점은 hub가 자연스러움. 기업 규모인지 생산 규모인지는 확정 용어집에서 구분. 모바일 축약안은 이번 CSV에서 추가 검토 대상으로 작성.,,,,,번역 문구
districts-c11r4547,구역 소개,02 첨단 바이오 클러스터 → Advanced Bio Cluster,미국 BIOSECURE Act 및 블록버스터 특허 만료에 완벽히 대응할 AI 기반 첨단바이오산업 생태계 구축,An AI-driven biotechnology ecosystem responding to the U.S. BIOSECURE Act and patent expirations for blockbuster drugs,,,built for an Act는 어색하며 blockbuster에 drugs를 붙여 제약 문맥을 명확히 한다. 실제 적용 시점은 별도 확인.,,,,,번역 문구
districts-1bdeicy32,구역 소개,02 첨단 바이오 클러스터 → Advanced Bio Cluster,"부지 면적 약 8.2만평 / 270,910㎡ (81,950평)","Site area 270,910 m² / 81,950 pyeong",,,,,,,,번역 문구
districts-1nhmqbv39,구역 소개,02 첨단 바이오 클러스터 → Advanced Bio Cluster,용도지역 일반공업지역 / 준공업지역 · 건폐율 70% · 용적률 350~400%,Zoning: General Industrial Zone / Semi-Industrial Zone · BCR 70% · FAR 350–400%,,,General / Semi-Industrial Zone은 General의 수식대상이 불분명. 법정 분류는 생략하지 않고 표에서 줄바꿈.,,,,,번역 문구
districts-1lbal0k19,구역 소개,02 첨단 바이오 클러스터 → Advanced Bio Cluster,구성 HT1~HT2 / 총 2개 구역,Composition HT1–HT2 / Two blocks,,,,,,,,번역 문구
districts-7mkbod21,구역 소개,02 첨단 바이오 클러스터 → Advanced Bio Cluster,산업 연계 국가첨단전략산업 / 특화단지,Industry link National High-Tech Strategic Industry / Specialized Complex,,,,,,,,번역 문구
districts-6ja9g078,구역 소개,02 첨단 바이오 클러스터 → Advanced Bio Cluster,"첨단 바이오 클러스터는 B-CITY의 산업 동력입니다. / 바이오와 AI가 융합되고, R&D와 산업화가 연결되는 차세대 첨단산업의 거점이 이곳에서 완성됩니다.","The Advanced Bio Cluster is B-CITY’s industrial engine, connecting biotechnology and AI, / and linking R&D with commercialization.",Biotech and AI / From R&D to commercialization,요약 마무리용. 권역명과 B-CITY의 산업 동력이라는 역할이 같은 섹션에 있어야 함.,바이오 R&D 산업화는 문맥상 industrialization보다 commercialization이 자연스럽다. 생산 확대 의미라면 scale-up을 구분. 모바일 축약안은 이번 CSV에서 추가 검토 대상으로 작성.,,,,,번역 문구
districts-1qubxmg13,구역 소개,02 첨단 바이오 클러스터 → Advanced Bio Cluster,AI 기반 신약 R&D,AI-driven drug R&D,,,⚠ 1차 CSV 에 없던 행 — 이번에 처음 봐 주세요.,,,,,번역 문구 · 신규
districts-pdd3vw53,구역 소개,02 첨단 바이오 클러스터 → Advanced Bio Cluster,AI 데이터 클러스터의 NVIDIA 기반 고성능 GPU 바이오 플랫폼을 활용한 신약 R&D (암 · 당뇨 등 난치 및 희귀 질환),"Drug R&D on the AI Data Cluster's NVIDIA GPU bio platform, for intractable and rare diseases including cancer and diabetes",,,⚠ 1차 CSV 에 없던 행 — 이번에 처음 봐 주세요.,,,,,번역 문구 · 신규
districts-saxg8k14,구역 소개,02 첨단 바이오 클러스터 → Advanced Bio Cluster,유전체 분석 기반 바이오마커 발굴,Biomarker discovery through genomic analysis,,,⚠ 1차 CSV 에 없던 행 — 이번에 처음 봐 주세요.,,,,,번역 문구 · 신규
districts-12msqwy16,구역 소개,02 첨단 바이오 클러스터 → Advanced Bio Cluster,AI 기반 디지털 헬스케어 연구 · 개발,Research and development in AI-driven digital health,,,⚠ 1차 CSV 에 없던 행 — 이번에 처음 봐 주세요.,,,,,번역 문구 · 신규
districts-17livp617,구역 소개,02 첨단 바이오 클러스터 → Advanced Bio Cluster,중소형 CDMO / CMO 거점,Small- and mid-size CDMO / CMO base,,,⚠ 1차 CSV 에 없던 행 — 이번에 처음 봐 주세요.,,,,,번역 문구 · 신규
districts-mmw9kn23,구역 소개,02 첨단 바이오 클러스터 → Advanced Bio Cluster,중소형 기업들의 CDMO 공장 신 · 증설에 적합한 부지,Sites suited to new build and expansion of CDMO plants by smaller companies,,,⚠ 1차 CSV 에 없던 행 — 이번에 처음 봐 주세요.,,,,,번역 문구 · 신규
districts-eu1q3714,구역 소개,02 첨단 바이오 클러스터 → Advanced Bio Cluster,중소 규모 바이오 · 제약 기업 집적,A concentration of small and mid-size bio and pharma companies,,,⚠ 1차 CSV 에 없던 행 — 이번에 처음 봐 주세요.,,,,,번역 문구 · 신규
districts-9b637y17,구역 소개,02 첨단 바이오 클러스터 → Advanced Bio Cluster,Physical AI 인프라,Physical AI infrastructure,,,⚠ 1차 CSV 에 없던 행 — 이번에 처음 봐 주세요.,,,,,번역 문구 · 신규
districts-toc20g16,구역 소개,02 첨단 바이오 클러스터 → Advanced Bio Cluster,AI 기반 로보틱스 · 휴머노이드 로봇,AI robotics and humanoid robots,,,⚠ 1차 CSV 에 없던 행 — 이번에 처음 봐 주세요.,,,,,번역 문구 · 신규
districts-1n77z9n12,구역 소개,02 첨단 바이오 클러스터 → Advanced Bio Cluster,스마트 모빌리티 · 자율주행,Smart mobility and autonomous driving,,,⚠ 1차 CSV 에 없던 행 — 이번에 처음 봐 주세요.,,,,,번역 문구 · 신규
districts-u5fy9z12,구역 소개,02 첨단 바이오 클러스터 → Advanced Bio Cluster,디지털 트윈 · 스마트팩토리,Digital twins and smart factories,,,⚠ 1차 CSV 에 없던 행 — 이번에 처음 봐 주세요.,,,,,번역 문구 · 신규
districts-uzy04d17,구역 소개,02 첨단 바이오 클러스터 → Advanced Bio Cluster,Open Innovation Lab,Open Innovation Lab (그대로),,,⚠ 1차 CSV 에 없던 행 — 이번에 처음 봐 주세요.,,,,,번역 문구 · 신규
districts-1fz653612,구역 소개,03 푸드 물류 클러스터 → Food & Logistics Cluster,03 푸드 물류 클러스터,03 Food & Logistics Cluster,,,,,,,,번역 문구
districts-112w9zk19,구역 소개,03 푸드 물류 클러스터 → Food & Logistics Cluster,AI 콜드체인 허브이자 군 급식 수요 대응 거점,An AI-enabled cold-chain hub serving military food-service needs,AI-enabled cold chain for military food service,요약 제목용. 산업 허브 역할은 본문에 유지.,AI cold-chain만으로는 AI를 운송한다는 식의 수식 혼동. enabled로 AI 활용을 명확히. 모바일 축약안은 이번 CSV에서 추가 검토 대상으로 작성.,,,,,번역 문구
districts-dctlv240,구역 소개,03 푸드 물류 클러스터 → Food & Logistics Cluster,AI 데이터 기반 미래형 식품산업 주도 및 연간 약 2조원 규모에 달하는 군 급식 민간위탁 수요 대응,Leading a data-driven future food industry and serving roughly KRW 2 trillion a year in outsourced military food service,,,serving roughly KRW 2 trillion a year는 도시의 처리·매출 규모로 오해 가능. 시장 전체 수요라는 것을 명시하고 출처·대상 연도 확인. 수치 없는 편집안은 451행 참고.,,,,,번역 문구
districts-1xt23sz32,구역 소개,03 푸드 물류 클러스터 → Food & Logistics Cluster,"부지 면적 약 4.2만평 / 138,860㎡ (42,005평)","Site area 138,860 m² / 42,005 pyeong",,,,,,,,번역 문구
districts-vsvq8p28-1,구역 소개,03 푸드 물류 클러스터 → Food & Logistics Cluster,용도지역 준공업지역 / 건폐율 70% · 용적률 400%,Zoning Semi-Industrial Zone / BCR 70% · FAR 400%,,,,,,,,번역 문구
districts-18tzt1c19,구역 소개,03 푸드 물류 클러스터 → Food & Logistics Cluster,구성 FU1~FU4 / 총 4개 구역,Composition FU1–FU4 / Four blocks,,,(1차 ID districts-1az7wy019 — 국문이 바뀌어 ID 가 새로 생겼다),,,,,번역 문구
districts-1agwzom23,구역 소개,03 푸드 물류 클러스터 → Food & Logistics Cluster,접근성 남춘천 IC 3분 / 서울양양고속도로,Access 3 min to Nam-Chuncheon IC / Seoul–Yangyang Expressway,,,,,,,,번역 문구
districts-y5cldb71,구역 소개,03 푸드 물류 클러스터 → Food & Logistics Cluster,푸드 물류 클러스터는 B-CITY의 지속가능한 동력입니다. / 첨단 ICT와 친환경 선순환이 결합된 강원형 푸드테크 거점이 이곳에서 시작됩니다.,"The Food & Logistics Cluster is B-CITY’s sustainable engine. / A Gangwon model for food tech, joining advanced ICT with a low-impact circular approach, starts here.",,,,,,,,번역 문구
districts-hu39h10,구역 소개,03 푸드 물류 클러스터 → Food & Logistics Cluster,콜드체인 허브,Cold-chain hub,,,⚠ 1차 CSV 에 없던 행 — 이번에 처음 봐 주세요.,,,,,번역 문구 · 신규
districts-1uuann814,구역 소개,03 푸드 물류 클러스터 → Food & Logistics Cluster,AI 환경제어 스마트 보관 시스템,AI-controlled smart storage,,,⚠ 1차 CSV 에 없던 행 — 이번에 처음 봐 주세요.,,,,,번역 문구 · 신규
districts-1nc9jpr11,구역 소개,03 푸드 물류 클러스터 → Food & Logistics Cluster,대규모 저온 · 냉동 저장소,Large-scale chilled and frozen warehousing,,,⚠ 1차 CSV 에 없던 행 — 이번에 처음 봐 주세요.,,,,,번역 문구 · 신규
districts-1ofhbch17,구역 소개,03 푸드 물류 클러스터 → Food & Logistics Cluster,강원 · 수도권 · 전국 통합 물류 네트워크,"An integrated network across Gangwon, the Seoul metropolitan area and the country",,,⚠ 1차 CSV 에 없던 행 — 이번에 처음 봐 주세요.,,,,,번역 문구 · 신규
districts-11uq90y11,구역 소개,03 푸드 물류 클러스터 → Food & Logistics Cluster,미래형 식품산업,A future food industry,,,⚠ 1차 CSV 에 없던 행 — 이번에 처음 봐 주세요.,,,,,번역 문구 · 신규
districts-v76iog14,구역 소개,03 푸드 물류 클러스터 → Food & Logistics Cluster,ICT 환경제어 스마트 연구관리,ICT-controlled smart research management,,,⚠ 1차 CSV 에 없던 행 — 이번에 처음 봐 주세요.,,,,,번역 문구 · 신규
districts-qnkgo921,구역 소개,03 푸드 물류 클러스터 → Food & Logistics Cluster,개인 라이프로그 · 헬스데이터 기반 맞춤 케이터링,Personalized catering from individual lifelog and health data,,,⚠ 1차 CSV 에 없던 행 — 이번에 처음 봐 주세요.,,,,,번역 문구 · 신규
districts-18lydxt17,구역 소개,03 푸드 물류 클러스터 → Food & Logistics Cluster,차세대 먹거리 연구 · 양산 산업 환경 조성,An environment for researching and mass-producing next-generation foods,,,⚠ 1차 CSV 에 없던 행 — 이번에 처음 봐 주세요.,,,,,번역 문구 · 신규
districts-1mkpwm515,구역 소개,03 푸드 물류 클러스터 → Food & Logistics Cluster,군급식 민간위탁 수요 대응,Serving outsourced military food service,,,⚠ 1차 CSV 에 없던 행 — 이번에 처음 봐 주세요.,,,,,번역 문구 · 신규
districts-16e05wh21,구역 소개,03 푸드 물류 클러스터 → Food & Logistics Cluster,군부대가 밀집한 강원권 군 급식 민간위탁 수요 대응,Serving outsourced food service demand across Gangwon's dense concentration of military bases,,,⚠ 1차 CSV 에 없던 행 — 이번에 처음 봐 주세요.,,,,,번역 문구 · 신규
districts-1h282a315,구역 소개,03 푸드 물류 클러스터 → Food & Logistics Cluster,강원형 선순환 푸드테크 생태계 조성,A circular food-tech ecosystem on the Gangwon model,,,⚠ 1차 CSV 에 없던 행 — 이번에 처음 봐 주세요.,,,,,번역 문구 · 신규
districts-s8ccvd15,구역 소개,04 바이오MICE 클러스터 → Bio-MICE Cluster,04 바이오MICE 클러스터,04 Bio-MICE Cluster,,,,,,,,번역 문구
districts-42olru19,구역 소개,04 바이오MICE 클러스터 → Bio-MICE Cluster,지속가능한 바이오 · 헬스 산업 커뮤니티 조성,A lasting community for the bio and health industries,A lasting biohealth industry community,뜻을 유지한 축약안. 실제 영문 화면에서 넘침·과도한 줄바꿈이 있을 때만 적용하고 모바일 줄 수를 재검증., 모바일 축약안은 이번 CSV에서 추가 검토 대상으로 작성.,,,,,번역 문구
districts-1pjjsxf38,구역 소개,04 바이오MICE 클러스터 → Bio-MICE Cluster,"일회성 · 정기성을 넘어, 의료 + 바이오 + 헬스 + 투자가 상시 교류하는 산업 네트워크 완성","Beyond one-off and recurring events — a year-round network connecting medicine, biotechnology, healthcare and investment","A year-round network for medicine, biotech, health and investment",상시 교류의 뜻 유지. 일회성·정기 행사와의 차이는 본문에 유지.,정기성을 seasonal로 바꾸면 계절성으로 의미가 달라진다. recurring으로 수정. 모바일 축약안은 이번 CSV에서 추가 검토 대상으로 작성.,,,,,번역 문구
districts-1e8j0ac33,구역 소개,04 바이오MICE 클러스터 → Bio-MICE Cluster,"부지 면적 약 3.9만평 / 128,634㎡ (약 38,912평)","Site area 128,634 m² / approx. 38,912 pyeong",,,,,,,,번역 문구
districts-1yv876u30,구역 소개,04 바이오MICE 클러스터 → Bio-MICE Cluster,용도지역 복합용지 / MICE · 의료시설 등 · 건폐율 70%,"Zoning Mixed-use land / MICE, medical and related · BCR 70%",,,복합용지는 토지이용 분류이며 법정 용도지역과 반드시 같지 않다. 원문의 용도지역 항목부터 확인. 확인된 분류에 따라 “Land use: Mixed-use sites for MICE and medical facilities · BCR 70%” 등으로 분리.,,,,,번역 문구
districts-1n67jqe21,구역 소개,04 바이오MICE 클러스터 → Bio-MICE Cluster,구성 BIO1~BIO4 / 총 4개 구역,Composition BIO1–BIO4 / Four blocks,,,,,,,,번역 문구
districts-1soets221,구역 소개,04 바이오MICE 클러스터 → Bio-MICE Cluster,특구 AI 헬스케어 / 국가첨단전략산업,Special zone AI Healthcare / National High-Tech Strategic Industry,,,"AI Healthcare / National High-Tech Strategic Industry만으로는 특구 정식 명칭이 완성되지 않는다. 어떤 지정 제도에 해당하는지, B-CITY 부지의 편입 범위 확인 후 명칭 확정.",,,,,번역 문구
districts-osrrku73,구역 소개,04 바이오MICE 클러스터 → Bio-MICE Cluster,바이오MICE 클러스터는 B-CITY의 글로벌 동력입니다. / 정밀의료와 글로벌 협력이 만나는 차세대 헬스케어 산업의 중심이 이곳에서 완성됩니다.,The Bio-MICE Cluster is B-CITY’s global engine. / Precision medicine meets international collaboration at the center of next-generation healthcare.,Precision medicine and global collaboration,권역명과 차세대 헬스케어 산업 거점이라는 의미는 상위 제목·본문에 유지., 모바일 축약안은 이번 CSV에서 추가 검토 대상으로 작성.,,,,,번역 문구
districts-159qd9312,구역 소개,04 바이오MICE 클러스터 → Bio-MICE Cluster,과학자마을 (표 비고),Scientists' Village,,,,,,,,번역 문구
districts-1xzh14420,구역 소개,04 바이오MICE 클러스터 → Bio-MICE Cluster,의료시설 / MICE 복합용지 (표 비고),Medical facilities / MICE mixed-use,,,,,,,,번역 문구
districts-2w99yq11,구역 소개,04 바이오MICE 클러스터 → Bio-MICE Cluster,통합 의료 플랫폼,Integrated care platform,,,⚠ 1차 CSV 에 없던 행 — 이번에 처음 봐 주세요.,,,,,번역 문구 · 신규
districts-1qjzq5117,구역 소개,04 바이오MICE 클러스터 → Bio-MICE Cluster,AI 헬스케어 글로벌 혁신 규제자유특구,AI Healthcare Global Innovation Regulation-Free Special Zone,,,⚠ 1차 CSV 에 없던 행 — 이번에 처음 봐 주세요.,,,,,번역 문구 · 신규
districts-176jzgv15,구역 소개,04 바이오MICE 클러스터 → Bio-MICE Cluster,바이오 국가첨단전략산업 특화단지,National High-Tech Strategic Industry Specialized Complex for bio,,,⚠ 1차 CSV 에 없던 행 — 이번에 처음 봐 주세요.,,,,,번역 문구 · 신규
districts-1at7lg015,구역 소개,04 바이오MICE 클러스터 → Bio-MICE Cluster,글로벌 바이오 · 제약 연구 혁신 포럼,A global forum for bio and pharma research innovation,,,⚠ 1차 CSV 에 없던 행 — 이번에 처음 봐 주세요.,,,,,번역 문구 · 신규
districts-jk6v6114,구역 소개,04 바이오MICE 클러스터 → Bio-MICE Cluster,정밀의료 빅데이터 허브,Precision-medicine data hub,,,⚠ 1차 CSV 에 없던 행 — 이번에 처음 봐 주세요.,,,,,번역 문구 · 신규
districts-wzewr510,구역 소개,04 바이오MICE 클러스터 → Bio-MICE Cluster,분산형 · 가상 임상시험,Decentralized and virtual clinical trials,,,⚠ 1차 CSV 에 없던 행 — 이번에 처음 봐 주세요.,,,,,번역 문구 · 신규
districts-10i1brq16,구역 소개,04 바이오MICE 클러스터 → Bio-MICE Cluster,인실리코 시뮬레이션 RWD 공급 기지,A supply base of real-world data (RWD) for in silico simulation,,,⚠ 1차 CSV 에 없던 행 — 이번에 처음 봐 주세요.,,,,,번역 문구 · 신규
districts-16985d214,구역 소개,04 바이오MICE 클러스터 → Bio-MICE Cluster,ADC 등 초정밀 맞춤형 신약 검증,"Validation of ultra-targeted therapies, including antibody–drug conjugates (ADCs)",,,⚠ 1차 CSV 에 없던 행 — 이번에 처음 봐 주세요.,,,,,번역 문구 · 신규
districts-1mhif5f16,구역 소개,04 바이오MICE 클러스터 → Bio-MICE Cluster,바이오 · 헬스 산업 커뮤니티,Bio and health industry community,,,⚠ 1차 CSV 에 없던 행 — 이번에 처음 봐 주세요.,,,,,번역 문구 · 신규
districts-1ajimwx16,구역 소개,04 바이오MICE 클러스터 → Bio-MICE Cluster,바이오 · 헬스 산업 상시 커뮤니티 구축,A standing community for the bio and health industries,,,⚠ 1차 CSV 에 없던 행 — 이번에 처음 봐 주세요.,,,,,번역 문구 · 신규
districts-pu90xk27,구역 소개,04 바이오MICE 클러스터 → Bio-MICE Cluster,글로벌 VC 및 유망 바이오 벤처 교류를 통한 전략적 파트너십 발굴,Strategic partnerships formed through exchange with global VCs and promising bio ventures,,,⚠ 1차 CSV 에 없던 행 — 이번에 처음 봐 주세요.,,,,,번역 문구 · 신규
districts-1mi7ibh12,구역 소개,05 비즈니스 콤플렉스 → Business Complex,05 비즈니스 콤플렉스,05 Business Complex,,,,,,,,번역 문구
districts-12x7n6916,구역 소개,05 비즈니스 콤플렉스 → Business Complex,상업 · 업무 · 문화가 융합된 강원 관문,"Gangwon’s gateway, where retail, offices and culture meet","Gangwon’s gateway for retail, business and culture",뜻을 유지한 축약안. 실제 영문 화면에서 넘침·과도한 줄바꿈이 있을 때만 적용하고 모바일 줄 수를 재검증., 모바일 축약안은 이번 CSV에서 추가 검토 대상으로 작성.,,,,,번역 문구
districts-16j3d1m41,구역 소개,05 비즈니스 콤플렉스 → Business Complex,B-CITY의 활력을 만드는 단핵 복합 상권 및 문화 거점 · 직 · 주 · 락 중심 주민친화적 상권 조성,"A central commercial and cultural hub that brings energy to B-CITY, with spaces for residents to work, live and enjoy leisure.","A central commercial and cultural hub for work, living and leisure",B-CITY 주민을 위한 공간이라는 설명을 본문에 유지.,single-core는 계획 문서에 가능하나 홈페이지 설명에는 부자연스럽다. 단핵의 의미는 central hub로 유지. 모바일 축약안은 이번 CSV에서 추가 검토 대상으로 작성.,,,,,번역 문구
districts-1jwoerd32,구역 소개,05 비즈니스 콤플렉스 → Business Complex,"부지 면적 약 1.7만평 / 55,703㎡ (약 16,850평)","Site area 55,703 m² / approx. 16,850 pyeong",,,,,,,,번역 문구
districts-1bbyck829,구역 소개,05 비즈니스 콤플렉스 → Business Complex,용도지역 일반상업지역 / 건폐율 80% · 용적률 600%,Zoning General Commercial Zone / BCR 80% · FAR 600%,,,,,,,,번역 문구
districts-l7bqmk22,구역 소개,05 비즈니스 콤플렉스 → Business Complex,"업무시설 29,583㎡ / 8,949평","Office 29,583 m² / 8,949 pyeong",,,,,,,,번역 문구
districts-yre7va22,구역 소개,05 비즈니스 콤플렉스 → Business Complex,"상업시설 26,120㎡ / 7,901평","Retail 26,120 m² / 7,901 pyeong",,,,,,,,번역 문구
districts-11wg82d73,구역 소개,05 비즈니스 콤플렉스 → Business Complex,비즈니스 콤플렉스는 B-CITY의 활력의 심장입니다. / 상업 · 업무 · 문화가 하나의 공간에서 만나는 도시의 가장 활기찬 무대가 이곳에서 완성됩니다.,"The Business Complex is the heart of B-CITY’s energy. / Retail, offices and culture share one place — the city’s liveliest stage.","B-CITY’s vibrant heart / Retail, offices and culture",뜻을 유지한 축약안. 실제 영문 화면에서 넘침·과도한 줄바꿈이 있을 때만 적용하고 모바일 줄 수를 재검증., 모바일 축약안은 이번 CSV에서 추가 검토 대상으로 작성.,,,,,번역 문구
districts-1pef0d712,구역 소개,05 비즈니스 콤플렉스 → Business Complex,광역 수요 흡수 상권,A district that draws regional demand,,,⚠ 1차 CSV 에 없던 행 — 이번에 처음 봐 주세요.,,,,,번역 문구 · 신규
districts-1x9bg9620,구역 소개,05 비즈니스 콤플렉스 → Business Complex,남춘천IC · 강촌IC 통한 광역 유동인구 유입,Regional footfall arriving via Nam-Chuncheon IC and Gangchon IC,,,⚠ 1차 CSV 에 없던 행 — 이번에 처음 봐 주세요.,,,,,번역 문구 · 신규
districts-3dxv5u20,구역 소개,05 비즈니스 콤플렉스 → Business Complex,단핵 중심 상업지로 B-CITY 전체 수요 집결,A single commercial core that gathers demand from across B-CITY,,,⚠ 1차 CSV 에 없던 행 — 이번에 처음 봐 주세요.,,,,,번역 문구 · 신규
districts-1kbs1w11,구역 소개,05 비즈니스 콤플렉스 → Business Complex,업무 허브 인프라,An office hub,,,⚠ 1차 CSV 에 없던 행 — 이번에 처음 봐 주세요.,,,,,번역 문구 · 신규
districts-1p1bh9q16,구역 소개,05 비즈니스 콤플렉스 → Business Complex,본사 이전 기업 · 스타트업 오피스 집적,A concentration of relocated headquarters and startup offices,,,⚠ 1차 CSV 에 없던 행 — 이번에 처음 봐 주세요.,,,,,번역 문구 · 신규
districts-w8i7jn18,구역 소개,05 비즈니스 콤플렉스 → Business Complex,"업무시설 약 9,000평 규모 오피스 단지","An office district of roughly 29,600 m²",,,⚠ 1차 CSV 에 없던 행 — 이번에 처음 봐 주세요.,,,,,번역 문구 · 신규
districts-1xybakc13,구역 소개,05 비즈니스 콤플렉스 → Business Complex,종사자 직주근접 오피스텔 공급,Live-work apartments for those who work here,,,⚠ 1차 CSV 에 없던 행 — 이번에 처음 봐 주세요.,,,,,번역 문구 · 신규
districts-1r40fbg13,구역 소개,05 비즈니스 콤플렉스 → Business Complex,문화 · 상업 복합 광장,A culture and retail plaza,,,⚠ 1차 CSV 에 없던 행 — 이번에 처음 봐 주세요.,,,,,번역 문구 · 신규
districts-49loxi25,구역 소개,05 비즈니스 콤플렉스 → Business Complex,직 · 주 · 락(Work-Live-Play) 통합 공간,"One place for work, live and play",,,⚠ 1차 CSV 에 없던 행 — 이번에 처음 봐 주세요.,,,,,번역 문구 · 신규
districts-xowwo513,구역 소개,05 비즈니스 콤플렉스 → Business Complex,보행자 중심 문화 광장 연계 설계,Designed around a pedestrian-first cultural plaza,,,⚠ 1차 CSV 에 없던 행 — 이번에 처음 봐 주세요.,,,,,번역 문구 · 신규
districts-l79g8j18,구역 소개,05 비즈니스 콤플렉스 → Business Complex,접근성 · 편의성이 우수한 도심 중앙부 배치,Placed at the center of the city for access and convenience,,,⚠ 1차 CSV 에 없던 행 — 이번에 처음 봐 주세요.,,,,,번역 문구 · 신규
districts-qybhg711,구역 소개,06 하우징 콤플렉스 → Housing Complex,06 하우징 콤플렉스,06 Housing Complex,,,,,,,,번역 문구
districts-144uv4821,구역 소개,06 하우징 콤플렉스 → Housing Complex,첨단 기술과 자연을 누리는 하우징 · 시니어 하우징,"Housing and senior housing, with technology and nature",Homes and senior residences / Technology and nature,뜻을 유지한 축약안. 실제 영문 화면에서 넘침·과도한 줄바꿈이 있을 때만 적용하고 모바일 줄 수를 재검증., 모바일 축약안은 이번 CSV에서 추가 검토 대상으로 작성.,,,,,번역 문구
districts-1y19kxm41,구역 소개,06 하우징 콤플렉스 → Housing Complex,AI · 로보틱스 · 자율주행 등 첨단기술로 완성되는 하이엔드 하우징 및 하이퍼엔드 시니어 하우징,"High-end homes and ultra-premium senior residences supported by AI, robotics and autonomous mobility","Premium homes and senior residences / AI, robotics and autonomous mobility",일반 주거와 초고급 시니어 주거의 등급 차이를 상세 설명에 반드시 유지. 주택 사양 확정 전 보장 표현으로 사용하지 않음.,completed with AI는 어색함. 주거에 적용되는 기술이라는 관계를 표현. 모바일 축약안은 이번 CSV에서 추가 검토 대상으로 작성.,,,,,번역 문구
districts-160k6y532,구역 소개,06 하우징 콤플렉스 → Housing Complex,"부지 면적 약 9.7만평 / 321,307㎡ (97,195평)","Site area 321,307 m² / 97,195 pyeong",,,,,,,,번역 문구
districts-1lk8rdn38,구역 소개,06 하우징 콤플렉스 → Housing Complex,주택 유형 공동주택 · 시니어하우징 / 단독주택 · 주상복합 · 근린생활시설 포함,"Housing types: Apartments, senior residences, detached homes and mixed-use residential buildings / Neighborhood retail and services",,,근린생활시설은 주택 유형과 다르고 services도 빠져 있다. 국문 표의 분류부터 분리 확인.,,,,,번역 문구
districts-1t8rf9h37,구역 소개,06 하우징 콤플렉스 → Housing Complex,"계획 세대 6,366세대 / 공동주택 4,000 · 시니어하우징 2,000","Planned housing: 6,366 units / 4,000 apartment units · 2,000 senior housing units",,,"6,366이 계획 주택 수인지 가구 수인지 확인. 도시계획 세대수라면 units가 적절하다. 6,000 외 나머지 366의 구성은 임의 추가하지 않는다.",,,,,번역 문구
districts-1i3kar615,구역 소개,06 하우징 콤플렉스 → Housing Complex,"계획 인구 15,917명","Planned population 15,917",,,,,,,,번역 문구
districts-og96cx66,구역 소개,06 하우징 콤플렉스 → Housing Complex,"하우징 콤플렉스는 B-CITY의 정주 가치입니다. / 일과 삶, 자연과 첨단이 어우러지는 새로운 라이프스타일이 이곳에서 펼쳐집니다.","The Housing Complex is where B-CITY becomes a place to live. / Work and life, nature and technology — a new way of living opens up here.",Work and life / Nature and technology,권역명과 주거 환경을 설명하는 본문이 함께 있을 때만 요약 마무리로 사용., 모바일 축약안은 이번 CSV에서 추가 검토 대상으로 작성.,,,,,번역 문구
districts-1x1khf426,구역 소개,06 하우징 콤플렉스 → Housing Complex,단독주택 / 공동주택 / 근린생활시설 / 주상복합 (표),Detached homes / Apartments / Neighborhood retail and services / Mixed-use residential buildings,,,근린생활시설의 services 복원. 행정 분류명 자체가 필요한 표라면 정식 영문 분류와 별도 대조.,,,,,번역 문구
districts-1ipluiu21,구역 소개,06 하우징 콤플렉스 → Housing Complex,4층 이하 / 29층 이하 / 35층 이하 (표),Up to 4 floors / Up to 29 floors / Up to 35 floors,,,,,,,,번역 문구
districts-1yhly5o8,구역 소개,06 하우징 콤플렉스 → Housing Complex,소셜믹스,Social mix,,,⚠ 1차 CSV 에 없던 행 — 이번에 처음 봐 주세요.,,,,,번역 문구 · 신규
districts-1057mif33,구역 소개,06 하우징 콤플렉스 → Housing Complex,전 단지가 학교 · 공원 · 상가 등 접근성이 우수해 편리하고 쾌적한 정주 여건 마련,"Every neighborhood sits close to schools, parks and shops — convenient and comfortable to live in",,,⚠ 1차 CSV 에 없던 행 — 이번에 처음 봐 주세요.,,,,,번역 문구 · 신규
districts-ep5dp630,구역 소개,06 하우징 콤플렉스 → Housing Complex,아파트 · 시니어하우징 · 주상복합 · 단독주택 등 다양한 주거 유형 계획,"A planned mix of apartments, senior housing, mixed-use residential and detached homes",,,⚠ 1차 CSV 에 없던 행 — 이번에 처음 봐 주세요.,,,,,번역 문구 · 신규
districts-1q6hkh012,구역 소개,06 하우징 콤플렉스 → Housing Complex,워라밸 힐링 라이프,Balance and recovery,,,⚠ 1차 CSV 에 없던 행 — 이번에 처음 봐 주세요.,,,,,번역 문구 · 신규
districts-1qtveek27,구역 소개,06 하우징 콤플렉스 → Housing Complex,AI 데이터 클러스터 및 첨단산업 클러스터 밀착 배치로 직주근접,"Placed next to the AI Data Cluster and the advanced-industry clusters, so home and work are close",,,⚠ 1차 CSV 에 없던 행 — 이번에 처음 봐 주세요.,,,,,번역 문구 · 신규
districts-1nxy3fs11,구역 소개,06 하우징 콤플렉스 → Housing Complex,보행자 중심 네트워크 조성,A pedestrian-first network,,,⚠ 1차 CSV 에 없던 행 — 이번에 처음 봐 주세요.,,,,,번역 문구 · 신규
districts-17rp00j16,구역 소개,06 하우징 콤플렉스 → Housing Complex,Green & Blue Life 완성,A complete Green & Blue life,,,⚠ 1차 CSV 에 없던 행 — 이번에 처음 봐 주세요.,,,,,번역 문구 · 신규
districts-1817rpw15,구역 소개,06 하우징 콤플렉스 → Housing Complex,하이퍼엔드 시니어 하우징,Ultra-premium senior housing,,,⚠ 1차 CSV 에 없던 행 — 이번에 처음 봐 주세요.,,,,,번역 문구 · 신규
districts-17uqifc12,구역 소개,06 하우징 콤플렉스 → Housing Complex,AI 의료 데이터 인프라 활용,Built on AI medical data infrastructure,,,⚠ 1차 CSV 에 없던 행 — 이번에 처음 봐 주세요.,,,,,번역 문구 · 신규
districts-1max0py19,구역 소개,06 하우징 콤플렉스 → Housing Complex,휴머노이드 · 로봇 등 피지컬 AI 케어 시스템,"Physical AI care, including humanoids and robots",,,⚠ 1차 CSV 에 없던 행 — 이번에 처음 봐 주세요.,,,,,번역 문구 · 신규
districts-9jqfmy21,구역 소개,06 하우징 콤플렉스 → Housing Complex,대학병원 연계 CCRC 메디컬 벨트 구축 (추진),A CCRC medical belt linked to university hospitals (in progress),,,⚠ 1차 CSV 에 없던 행 — 이번에 처음 봐 주세요.,,,,,번역 문구 · 신규
districts-w0x6oj18,구역 소개,06 하우징 콤플렉스 → Housing Complex,단지~도시 내 자율주행 모빌리티 체계 구축,Autonomous mobility from the neighborhood into the city,,,⚠ 1차 CSV 에 없던 행 — 이번에 처음 봐 주세요.,,,,,번역 문구 · 신규
districts-iegpsf10,구역 소개,07 에듀 콤플렉스 → Education Complex,07 에듀 콤플렉스,07 Education Complex,,,,,,,,번역 문구
districts-6d779n26,구역 소개,07 에듀 콤플렉스 → Education Complex,생애 전주기 교육하는 ‘생각하는 도시’ 글로벌 에듀 콤플렉스,"A global Education Complex — a “city that thinks,” educating across a lifetime",,,✅ 국문을 고쳤다(2026-09-15) — 매달려 있던 「글로벌」을 앞으로 옮겨 완결시켰다. 영문은 이미 그 어순이라 그대로 맞는다. 임시 의미 정리: A global city of lifelong learning. (1차 ID districts-19nphfy20 — 국문이 바뀌어 ID 가 새로 생겼다) (1차 ID districts-4dmuc020 — 국문이 바뀌어 ID 가 새로 생겼다),,,,,번역 문구
districts-1ipg8qb29,구역 소개,07 에듀 콤플렉스 → Education Complex,춘천시 연계 개방형 지역 협력 교육 거버넌스와 글로벌 인재 육성 · 유입,"Open regional education governance with Chuncheon City, developing and attracting global talent",Education partnerships with Chuncheon / Developing and attracting global talent,개방형 지역 협력 거버넌스의 구체 구조는 인접 설명에 유지., 모바일 축약안은 이번 CSV에서 추가 검토 대상으로 작성.,,,,,번역 문구
districts-1dzyqwa31,구역 소개,07 에듀 콤플렉스 → Education Complex,"부지 면적 약 2.7만평 / 90,147㎡ (27,269평)","Site area 90,147 m² / 27,269 pyeong",,,,,,,,번역 문구
districts-1065b9q32,구역 소개,07 에듀 콤플렉스 → Education Complex,"외국인교육기관 약 1.2만평 / 40,539㎡ · 건폐율 50%","Foreign institutions 40,539 m² · BCR 50%",,,"한국어 외국인교육기관과 다른 행의 외국교육기관이 다르다. 법적 시설 유형 확인 우선. 외국교육기관이면 “Foreign educational institutions · 40,539 m² · BCR 50%”.",,,,,번역 문구
districts-t45c0727,구역 소개,07 에듀 콤플렉스 → Education Complex,도입시설 교육시설 / 유 · 초 · 중 · 고 · 외국교육기관,"Educational facilities / Kindergarten, elementary, middle and high schools, as well as foreign educational institutions",,,foreign institutions로 교육 의미를 생략하지 않는다. 국제학교로 임의 바꾸지 않는다.,,,,,번역 문구
districts-wpiszy27,구역 소개,07 에듀 콤플렉스 → Education Complex,연계 교육발전특구 / 에듀포레스트 춘천 (시범사업),Linked to Education Development Special Zone / Edu-Forest Chuncheon (pilot),,,,,,,,번역 문구
districts-rgd4jb73,구역 소개,07 에듀 콤플렉스 → Education Complex,"에듀 콤플렉스는 B-CITY의 지속가능한 성장 동력입니다. / 도시 전체가 학교가 되고, 일상이 교육이 되는 새로운 배움의 도시가 이곳에서 시작됩니다.","The Education Complex is B-CITY’s engine for lasting growth. / The whole city becomes a school, and daily life becomes learning.",A city for learning / In school and everyday life,도시 전체가 배움의 공간이라는 요약 카피. 지속가능한 성장 역할은 상세에 유지., 모바일 축약안은 이번 CSV에서 추가 검토 대상으로 작성.,,,,,번역 문구
districts-qp2fr829,구역 소개,07 에듀 콤플렉스 → Education Complex,유치원 / 초등학교 / 중학교 / 고등학교 / 외국교육기관 (표),Kindergarten / Elementary school / Middle school / High school / Foreign educational institution,,,법적 유형을 유지. 표 셀은 줄바꿈 허용.,,,,,번역 문구
districts-2veh1711,구역 소개,07 에듀 콤플렉스 → Education Complex,생애 전주기 교육,Education across a lifetime,,,⚠ 1차 CSV 에 없던 행 — 이번에 처음 봐 주세요.,,,,,번역 문구 · 신규
districts-116td0m30,구역 소개,07 에듀 콤플렉스 → Education Complex,「에듀포레스트 교육발전특구 춘천」과 연계해 ‘생각하는 도시’ 표방,"A “city that thinks,” in partnership with the Edu-Forest Chuncheon Education Development Special Zone",,,⚠ 1차 CSV 에 없던 행 — 이번에 처음 봐 주세요.,,,,,번역 문구 · 신규
districts-1poq0t526,구역 소개,07 에듀 콤플렉스 → Education Complex,유치원부터 고등학교까지 생애 전주기 맞춤형 교육 시스템 구축,A tailored education system from kindergarten through high school,,,⚠ 1차 CSV 에 없던 행 — 이번에 처음 봐 주세요.,,,,,번역 문구 · 신규
districts-1482w6310,구역 소개,07 에듀 콤플렉스 → Education Complex,글로벌 교육망,A global education network,,,⚠ 1차 CSV 에 없던 행 — 이번에 처음 봐 주세요.,,,,,번역 문구 · 신규
districts-mqc9gm23,구역 소개,07 에듀 콤플렉스 → Education Complex,외국 교육기관 설립으로 글로벌 교육 환경 및 인프라 조성,Foreign education institutions create a global learning environment,,,⚠ 1차 CSV 에 없던 행 — 이번에 처음 봐 주세요.,,,,,번역 문구 · 신규
districts-1h2l8cl11,구역 소개,07 에듀 콤플렉스 → Education Complex,고급 인력 유입 및 정착 지원,Support for attracting and settling skilled professionals,,,⚠ 1차 CSV 에 없던 행 — 이번에 처음 봐 주세요.,,,,,번역 문구 · 신규
districts-1clq2pm14,구역 소개,07 에듀 콤플렉스 → Education Complex,※ 기업도시개발특별법 제38조,"* Article 38, Special Act on the Development of Enterprise Cities",,,⚠ 1차 CSV 에 없던 행 — 이번에 처음 봐 주세요.,,,,,번역 문구 · 신규
districts-z931gs8,구역 소개,07 에듀 콤플렉스 → Education Complex,지역 협력,Regional collaboration,,,⚠ 1차 CSV 에 없던 행 — 이번에 처음 봐 주세요.,,,,,번역 문구 · 신규
districts-6evoay14,구역 소개,07 에듀 콤플렉스 → Education Complex,도시 내 입주 기업 및 연구 기관 연계,Links to tenant companies and research institutes in the city,,,⚠ 1차 CSV 에 없던 행 — 이번에 처음 봐 주세요.,,,,,번역 문구 · 신규
districts-12qn5ql20,구역 소개,07 에듀 콤플렉스 → Education Complex,강원대 · 한림대 등 지역거점 대학 연계 (추진),Links to regional universities including Kangwon National and Hallym (in progress),,,⚠ 1차 CSV 에 없던 행 — 이번에 처음 봐 주세요.,,,,,번역 문구 · 신규
districts-10jbhdl30,구역 소개,07 에듀 콤플렉스 → Education Complex,AI 기반 진로 체험 등 개방형 협력 체계 및 지역 협력형 교육 거버넌스 구축,"Open collaboration and regional education governance, including AI-based career experience",,,⚠ 1차 CSV 에 없던 행 — 이번에 처음 봐 주세요.,,,,,번역 문구 · 신규
districts-jitl4s12,구역 소개,08 골프레저 콤플렉스 → Golf & Leisure Complex,08 골프레저 콤플렉스,08 Golf & Leisure Complex,,,,,,,,번역 문구
districts-1hxe9dw17,구역 소개,08 골프레저 콤플렉스 → Golf & Leisure Complex,바이오 스마트 · 피지컬 AI 기반 웰니스,Wellness built on bio-smart and Physical AI,,,bio-smart는 정의 없이 의미를 알기 어렵다. 바이오 기반 건강관리 기술을 뜻하는지 확인 후 문장형 설명. Physical AI는 기존 산업 표기와 통일.,,,,,번역 문구
districts-wzw1u339,구역 소개,08 골프레저 콤플렉스 → Golf & Leisure Complex,친환경 그린 인프라에서 경험하는 로봇 캐디 · 메디컬 케어 등 미래형 라이프스타일 플랫폼 완성,"A future lifestyle platform on low-impact green infrastructure — robot caddies, medical care and more","Green infrastructure, robot caddies and medical care",미래형 라이프스타일과 친환경 기반이라는 의미는 상위 제목·상세 설명에 유지., 모바일 축약안은 이번 CSV에서 추가 검토 대상으로 작성.,,,,,번역 문구
districts-b3pv6w35,구역 소개,08 골프레저 콤플렉스 → Golf & Leisure Complex,"부지 면적 약 28.5만평 / 942,975㎡ (약 285,250평)","Site area 942,975 m² / approx. 285,250 pyeong",,,,,,,,번역 문구
districts-13bpr0821,구역 소개,08 골프레저 콤플렉스 → Golf & Leisure Complex,코스 구분 대중형 · 18홀 / PAR 72,Course Public · 18 holes / Par 72,,,,,,,,번역 문구
districts-1ab9lxb14,구역 소개,08 골프레저 콤플렉스 → Golf & Leisure Complex,"코스 연장 6,570m","Course length 6,570 m",,,,,,,,번역 문구
districts-1yn6mvr31,구역 소개,08 골프레저 콤플렉스 → Golf & Leisure Complex,부대시설 4대 시설 / 클럽하우스 · 그늘집 · 관리동 · 연습시설,"Support facilities Four types / clubhouse, halfway house, maintenance building, practice facility",,,,,,,,번역 문구
districts-x30o8072,구역 소개,08 골프레저 콤플렉스 → Golf & Leisure Complex,"골프레저 콤플렉스는 B-CITY의 웰니스 동력입니다. / 자연과 데이터, 여가와 건강이 만나는 새로운 라이프스타일의 무대가 이곳에서 펼쳐집니다.","The Golf & Leisure Complex is B-CITY’s wellness engine. / Nature and data, leisure and health meet on a new stage for living.","Nature, data, leisure and health",골프레저 권역명 및 웰니스 기능이 같은 섹션에 제공되는 마무리 카피로만 사용., 모바일 축약안은 이번 CSV에서 추가 검토 대상으로 작성.,,,,,번역 문구
districts-ay0xpt31,구역 소개,08 골프레저 콤플렉스 → Golf & Leisure Complex,클럽하우스 1동 / 그늘집 2동 / 관리동 2동 / 연습시설 1동 (표),Clubhouse ×1 / Halfway house ×2 / Maintenance building ×2 / Practice facility ×1,,,,,,,,번역 문구
districts-1l4982m32,구역 소개,08 골프레저 콤플렉스 → Golf & Leisure Complex,"※ 골프장 부지는 원형지 공급 예정이며, 파크골프장 부지는 검토 중입니다.",The golf course site is planned to be offered as undeveloped land; the park golf site is under review.,,,raw land도 가능한 부동산 용어지만 홈페이지에는 undeveloped land가 쉬움. 원형지 공급의 법적 조건은 상세 안내에서 유지.,,,,,번역 문구
districts-wtn1i416,구역 소개,08 골프레저 콤플렉스 → Golf & Leisure Complex,바이오 스마트 / 피지컬 AI,Bio-smart / Physical AI,,,⚠ 1차 CSV 에 없던 행 — 이번에 처음 봐 주세요.,,,,,번역 문구 · 신규
districts-tetkbi14,구역 소개,08 골프레저 콤플렉스 → Golf & Leisure Complex,라운딩 시 생체 데이터 수집 · 분석,Biometric data collected and analyzed during play,,,⚠ 1차 CSV 에 없던 행 — 이번에 처음 봐 주세요.,,,,,번역 문구 · 신규
districts-f8wf0v12,구역 소개,08 골프레저 콤플렉스 → Golf & Leisure Complex,메디컬 케어 클럽하우스 운영,A clubhouse with medical care,,,⚠ 1차 CSV 에 없던 행 — 이번에 처음 봐 주세요.,,,,,번역 문구 · 신규
districts-oiliho11,구역 소개,08 골프레저 콤플렉스 → Golf & Leisure Complex,피지컬 AI 기반 로봇 캐디,Physical AI robot caddies,,,⚠ 1차 CSV 에 없던 행 — 이번에 처음 봐 주세요.,,,,,번역 문구 · 신규
districts-hxrb0y13,구역 소개,08 골프레저 콤플렉스 → Golf & Leisure Complex,자율주행 스마트 모빌리티 카트,Autonomous smart-mobility carts,,,⚠ 1차 CSV 에 없던 행 — 이번에 처음 봐 주세요.,,,,,번역 문구 · 신규
districts-b0jyj012,구역 소개,08 골프레저 콤플렉스 → Golf & Leisure Complex,친환경 바이오 필드,A low-impact field,,,⚠ 1차 CSV 에 없던 행 — 이번에 처음 봐 주세요.,,,,,번역 문구 · 신규
districts-bhlypj17,구역 소개,08 골프레저 콤플렉스 → Golf & Leisure Complex,도시 전체의 쾌적성을 높이는 그린 인프라,Green infrastructure that improves the whole city,,,⚠ 1차 CSV 에 없던 행 — 이번에 처음 봐 주세요.,,,,,번역 문구 · 신규
districts-388e1j14,구역 소개,08 골프레저 콤플렉스 → Golf & Leisure Complex,공원 · 녹지와 연계된 친환경 필드,A course linked to the parks and green space,,,⚠ 1차 CSV 에 없던 행 — 이번에 처음 봐 주세요.,,,,,번역 문구 · 신규
districts-jhgu7d13,구역 소개,08 골프레저 콤플렉스 → Golf & Leisure Complex,대중형 골프장으로 접근성 확보,"A public course, open to all",,,⚠ 1차 CSV 에 없던 행 — 이번에 처음 봐 주세요.,,,,,번역 문구 · 신규
districts-w0j3ps13,구역 소개,08 골프레저 콤플렉스 → Golf & Leisure Complex,미래형 라이프스타일,A future lifestyle,,,⚠ 1차 CSV 에 없던 행 — 이번에 처음 봐 주세요.,,,,,번역 문구 · 신규
districts-191b9gu10,구역 소개,08 골프레저 콤플렉스 → Golf & Leisure Complex,직주근접형 레저 라이프,Leisure within reach of work and home,,,⚠ 1차 CSV 에 없던 행 — 이번에 처음 봐 주세요.,,,,,번역 문구 · 신규
districts-1p8bo9d17,구역 소개,08 골프레저 콤플렉스 → Golf & Leisure Complex,서울 40분(잠실) · 춘천 도심 20분,40 min to Seoul (Jamsil) · 20 min to central Chuncheon,,,⚠ 1차 CSV 에 없던 행 — 이번에 처음 봐 주세요.,,,,,번역 문구 · 신규
districts-1nfflhn16,구역 소개,08 골프레저 콤플렉스 → Golf & Leisure Complex,임직원 복지 + 분양 · 회원권 수익 기반,"Employee benefits, together with revenue from lot sales and memberships",,,⚠ 1차 CSV 에 없던 행 — 이번에 처음 봐 주세요.,,,,,번역 문구 · 신규
districts-1364fq755,구역 소개,하단 각주,"※ 면적은 국토교통부 통합개발계획 접수(안) 기준이며, 총 사업면적 약 110만평은 하천 · 공원 · 녹지 등을 포함한 값입니다.","* Areas reflect the Integrated Development Plan as submitted to MOLIT. The total project area of approx. 3.63 million m² includes rivers, parks and green space.",,,,,,,,번역 문구
districts-n6wcm369,구역 소개,하단 각주,"※ 상기 계획(안)은 국토교통부 통합개발계획 접수(안) 기준으로 작성된 것으로, 추후 사업 주체 또는 관계 기관 사정, 인허가 과정 등에 따라 변경될 수 있습니다.","* The plan shown reflects the draft Integrated Development Plan submitted to MOLIT. It may change according to the developer, the authorities concerned, or the permitting process.",,,계획(안)의 draft 상태 보존. 인허가 과정에서 변경될 수 있다는 기존 조건은 유지.,,,,,번역 문구
living-1bc1o513,정주환경,도입부,LIVING / 정주환경,LIVING,,,,,,,,번역 문구
living-1x63uf751,정주환경,도입부,일과 삶이 조화롭게 어우러지는 곳 / 비즈니스 · 주거 · 교육 · 문화가 / 하나로 완성되는 자족도시,"Where work and life are in balance / A self-sufficient city connecting business, housing, education and culture","Work, living, education and culture / One self-sufficient city",비즈니스와 일자리의 의미는 섹션 카드에서 유지. /는 줄바꿈 제안.,sit well together는 다소 구어적. 산업·주거 기능이 연결되는 도시 의미 유지. 모바일 축약안은 이번 CSV에서 추가 검토 대상으로 작성.,,,,,번역 문구
living-1yjqiip21,정주환경,도입부,네 가지 환경이 서로를 받쳐 주며 하루를 완성합니다,Four connected environments shape everyday life.,,,"hold up one another, and one day는 네 환경이 하루를 완성한다는 원뜻을 전달하지 못한다.",,,,,번역 문구
living-1xi7j6b29,정주환경,01 비즈니스 환경 → Business Environment,BUSINESS ENVIRONMENT (세로 라벨),BUSINESS ENVIRONMENT,,,,,,,,번역 문구
living-c1j3zv23,정주환경,01 비즈니스 환경 → Business Environment,01 Business Environment,01 Business Environment,,,작업 지시는 메모 칸으로 옮기고 최종 영문 값만 제공. 그대로 유지할 문구도 실제 문자열을 기입. ,,,,,번역 문구
living-1928o4n21,정주환경,01 비즈니스 환경 → Business Environment,비즈니스 환경 / 일하기 좋은 도시,Business environment / A good city to work in,,,,,,,,번역 문구
living-1jagoe323,정주환경,01 비즈니스 환경 → Business Environment,#국가급특구 #직주근접 #광역접근성 #산학연협력,#SpecialZones #ShortCommutes #RegionalAccess #ResearchPartnerships,,,현재 IndustryAcademia는 연구기관 연계를 생략. 짧은 태그는 보조 UI용이며 본문에서 산·학·연 모두 명시. 태그 폭에 따라 자연 줄바꿈 허용.,,,,,번역 문구
living-17xmyur22,정주환경,01 비즈니스 환경 → Business Environment,비즈니스 산과 맞닿은 업무 · 상업 콤플렉스,Business — office and retail complex against the hills,,,,,,,,번역 문구
living-1uq0u5n56,정주환경,01 비즈니스 환경 → Business Environment,"짧아진 출근길, 가까워진 협업, 그리고 일과 삶이 자연스럽게 이어지는 도시. B-CITY는 비즈니스의 새로운 환경을 제안합니다","Shorter commutes, closer collaboration and a better balance between work and life. B-CITY offers a connected environment for business.",Shorter commutes. Closer collaboration. Better work–life balance.,요약 설명용. B-CITY의 비즈니스 환경 제안이라는 문맥이 섹션에 제공되어야 함.,work runs naturally into life는 일과 사생활 경계가 사라진다는 부정적 뜻으로 읽힐 수 있다. 모바일 축약안은 이번 CSV에서 추가 검토 대상으로 작성.,,,,,번역 문구
living-1qnldwc14,정주환경,01 비즈니스 환경 → Business Environment,국가가 함께 만드는 비즈니스 기반,A business base the state helps build,,,⚠ 1차 CSV 에 없던 행 — 이번에 처음 봐 주세요.,,,,,번역 문구 · 신규
living-17p3u3c10,정주환경,01 비즈니스 환경 → Business Environment,(본문 152자),"Four national special-zone designations apply here: a bio National High-Tech Strategic Industry Specialized Complex, AI Healthcare Global Innovation, Education Development, and Opportunity Development alongside the Gangwon R&D zone. Tax relief, subsidies and fast-track permits are already in place.",,,⚠ 1차 CSV 에 없던 행 — 이번에 처음 봐 주세요.,,,,,번역 문구 · 신규
living-13nou8t8,정주환경,01 비즈니스 환경 → Business Environment,여유로운 출퇴근 길,An easier trip to work,,,⚠ 1차 CSV 에 없던 행 — 이번에 처음 봐 주세요.,,,,,번역 문구 · 신규
living-1rm3prq9,정주환경,01 비즈니스 환경 → Business Environment,(본문 84자),"A live-work pedestrian network runs through the whole city: no gridlock, no long commute. A shorter trip to work leaves more of the day open.",,,⚠ 1차 CSV 에 없던 행 — 이번에 처음 봐 주세요.,,,,,번역 문구 · 신규
living-1t4lx9m12,정주환경,01 비즈니스 환경 → Business Environment,"서울도, 세계도 1시간 거리","Seoul and the world, an hour away",,,⚠ 1차 CSV 에 없던 행 — 이번에 처음 봐 주세요.,,,,,번역 문구 · 신규
living-1nsgrs10,정주환경,01 비즈니스 환경 → Business Environment,(본문 134자),"A meeting in Seoul or a flight abroad from Yangyang International Airport — both within an hour. On a regional network of GTX-B, ITX and expressways, B-CITY reaches every opportunity in the Seoul metropolitan area, and the airport puts the rest of the world close.",,,⚠ 1차 CSV 에 없던 행 — 이번에 처음 봐 주세요.,,,,,번역 문구 · 신규
living-1t7j25e10,정주환경,01 비즈니스 환경 → Business Environment,협업이 일상이 되는 도시,A city where collaboration is routine,,,⚠ 1차 CSV 에 없던 행 — 이번에 처음 봐 주세요.,,,,,번역 문구 · 신규
living-qdvmxf10,정주환경,01 비즈니스 환경 → Business Environment,(본문 155자),"Companies, research institutes and universities sit close together here — in distance and in daily routine. A morning meeting, lunch with researchers nearby, an afternoon on a university campus working on a joint project. Collaboration is not a trip you take; it is what the day looks like.",,,⚠ 1차 CSV 에 없던 행 — 이번에 처음 봐 주세요.,,,,,번역 문구 · 신규
living-xga9w824,정주환경,02 주거 환경 → Residential Environment,RESIDENTIAL ENVIRONMENT,RESIDENTIAL ENVIRONMENT,,,,,,,,번역 문구
living-qhc6k318,정주환경,02 주거 환경 → Residential Environment,주거 환경 / 살기 좋은 도시,Residential environment / A good city to live in,,,,,,,,번역 문구
living-4oji3m30,정주환경,02 주거 환경 → Residential Environment,#스마트 라이프 #보행친화도시 #소셜믹스 #Green & Blue,#SmartLiving #WalkableCity #SocialMix #GreenAndBlue,,,,,,,,번역 문구
living-1ef9cgz21,정주환경,02 주거 환경 → Residential Environment,주거 수변 · 녹지와 맞닿은 주거 콤플렉스,Housing — homes beside waterfronts and green spaces,,,on the water and the green은 수상 주택·골프그린을 연상시킨다.,,,,,번역 문구
living-1bvygga57,정주환경,02 주거 환경 → Residential Environment,"자연이 가까운 일상, 걸어서 누리는 편안함, 그리고 첨단 기술이 함께하는 주거 공간. B-CITY는 매일의 삶을 더 풍요롭게 만듭니다","Nature close by, comfort within walking distance, and homes that come with advanced technology. B-CITY makes every day richer","Homes with nature nearby, walkable amenities and smart technology.",주거환경 요약용. 삶의 풍요라는 비전은 상위/하위 설명에 유지., 모바일 축약안은 이번 CSV에서 추가 검토 대상으로 작성.,,,,,번역 문구
living-h95z0b14,정주환경,02 주거 환경 → Residential Environment,AI · IoT 기반 첨단 주거 환경,Homes running on AI and IoT,,,⚠ 1차 CSV 에 없던 행 — 이번에 처음 봐 주세요.,,,,,번역 문구 · 신규
living-hn72i610,정주환경,02 주거 환경 → Residential Environment,(본문 132자),"AI and IoT reach into every room. Lighting, temperature and security manage themselves; a nutrition system looks after meals; and an integrated care network watches over the whole family. From ultra-premium senior housing to standard homes, a new way of living begins.",,,⚠ 1차 CSV 에 없던 행 — 이번에 처음 봐 주세요.,,,,,번역 문구 · 신규
living-1it1qa311,정주환경,02 주거 환경 → Residential Environment,보행자 중심 도시 네트워크,A pedestrian-first network,,,⚠ 1차 CSV 에 없던 행 — 이번에 처음 봐 주세요.,,,,,번역 문구 · 신규
living-1ql8yrz9,정주환경,02 주거 환경 → Residential Environment,(본문 96자),"B-CITY's pedestrian-first network ties the whole city together. The school run, the commute, the trip to the shops — all of it safe and close. Days go easier without complicated journeys.",,,⚠ 1차 CSV 에 없던 행 — 이번에 처음 봐 주세요.,,,,,번역 문구 · 신규
living-15hs58y14,정주환경,02 주거 환경 → Residential Environment,다양한 주거 유형이 공존하는 도시,A city of many housing types,,,⚠ 1차 CSV 에 없던 행 — 이번에 처음 봐 주세요.,,,,,번역 문구 · 신규
living-10xtc3c10,정주환경,02 주거 환경 → Residential Environment,(본문 101자),"Detached homes, apartments and mixed-use residential all share one city. Neighbors of different ages and different lives meet in the parks and plazas. A healthy local culture grows out of that mix.",,,⚠ 1차 CSV 에 없던 행 — 이번에 처음 봐 주세요.,,,,,번역 문구 · 신규
living-fb7ys14,정주환경,02 주거 환경 → Residential Environment,자연 · 녹지 · 수변이 가까운 도시,"Green space and water, close at hand",,,⚠ 1차 CSV 에 없던 행 — 이번에 처음 봐 주세요.,,,,,번역 문구 · 신규
living-1s843y610,정주환경,02 주거 환경 → Residential Environment,(본문 107자),"Parks and green space account for 26% of the city, placing nature within easy reach — a waterfront path, a green crossing on the way to work, and open countryside at the weekend.",,,⚠ 1차 CSV 에 없던 행 — 이번에 처음 봐 주세요.,,,,,번역 문구 · 신규
living-y4rnhh24,정주환경,03 교육 환경 → Educational Environment,EDUCATIONAL ENVIRONMENT,EDUCATIONAL ENVIRONMENT,,,,,,,,번역 문구
living-1x18xkj20,정주환경,03 교육 환경 → Educational Environment,교육 환경 / 배움이 넘치는 도시,Educational environment / A city full of learning,,,,,,,,번역 문구
living-ma5ne420,정주환경,03 교육 환경 → Educational Environment,#생애전주기 교육 #글로벌교육 #개방형교육,#LifelongLearning #GlobalEducation #OpenEducation,,,,,,,,번역 문구
living-ejjaxs27,정주환경,03 교육 환경 → Educational Environment,교육 외국 교육기관을 포함한 교육시설과 캠퍼스 생활권,Education — schools and foreign educational institutions in a connected campus setting,,,foreign institutions 의미 보완.,,,,,번역 문구
living-1qxvuim65,정주환경,03 교육 환경 → Educational Environment,"유치원부터 외국교육기관까지, 도시 안에서 이어지는 배움. 강원대 · 한림대 등 지역 대학과 함께하는 산 · 학 협력, 그리고 글로벌 인재가 모이는 교육 환경","Learning within the city, from kindergarten to foreign educational institutions. Industry–academia collaboration with Kangwon National University, Hallym University and other regional universities supports an international learning environment.","Learning from kindergarten to foreign educational institutions, with university partnerships.","강원대·한림대와 산학협력, 글로벌 인재 유입의 설명은 펼침 상세에 유지. 법적 교육기관 유형은 축약하지 않음.",대학명 University 생략을 첫 언급에서는 피한다. education offer보다 learning environment가 자연스럽다. 모바일 축약안은 이번 CSV에서 추가 검토 대상으로 작성.,,,,,번역 문구
living-7hlop318,정주환경,03 교육 환경 → Educational Environment,"유치원부터 고등학교까지, 한 도시 안에서","Kindergarten to high school, in one city",,,⚠ 1차 CSV 에 없던 행 — 이번에 처음 봐 주세요.,,,,,번역 문구 · 신규
living-do2y7b10,정주환경,03 교육 환경 → Educational Environment,(본문 102자),"From a child's first day at kindergarten to the day they graduate high school, all of it happens in the same city. A lifelong education system, tied to the Edu-Forest Chuncheon Special Zone, grows with them.",,,⚠ 1차 CSV 에 없던 행 — 이번에 처음 봐 주세요.,,,,,번역 문구 · 신규
living-1eq7rfo12,정주환경,03 교육 환경 → Educational Environment,세계 수준의 교육이 가까이에,Advanced education within the city,,,⚠ 1차 CSV 에 없던 행 — 이번에 처음 봐 주세요.,,,,,번역 문구 · 신규
living-1pgvmdp10,정주환경,03 교육 환경 → Educational Environment,(본문 108자),"Foreign education institutions, established under Article 38 of the Special Act on the Development of Enterprise Cities, bring a global learning environment into the city — and with it the making of an international city.",,,⚠ 1차 CSV 에 없던 행 — 이번에 처음 봐 주세요.,,,,,번역 문구 · 신규
living-1ug8le914,정주환경,03 교육 환경 → Educational Environment,도시 전체가 학교가 되는 교육도시,The whole city as a school,,,⚠ 1차 CSV 에 없던 행 — 이번에 처음 봐 주세요.,,,,,번역 문구 · 신규
living-1pgvmdp10-1,정주환경,03 교육 환경 → Educational Environment,(본문 108자),"Learning does not stop at the school gate. Tenant companies, research institutes and regional universities all connect. From AI-based career experience to joint industry projects, the real lessons happen outside the classroom.",,,⚠ 1차 CSV 에 없던 행 — 이번에 처음 봐 주세요.,,,,,번역 문구 · 신규
living-ehwab617,정주환경,04 문화시설 → Culture & Leisure,CULTURE & LEISURE,CULTURE & LEISURE,,,,,,,,번역 문구
living-1qoqth318,정주환경,04 문화시설 → Culture & Leisure,문화시설 / 쉼이 있는 도시,Culture and leisure / A city with room to rest,,,,,,,,번역 문구
living-1hd78zs23,정주환경,04 문화시설 → Culture & Leisure,#골프레저 #문화광장 #그린네트워크 #관광인프라,#GolfAndLeisure #CulturePlaza #GreenNetwork #Tourism,,,,,,,,번역 문구
living-1evzri823,정주환경,04 문화시설 → Culture & Leisure,문화 · 여가 전시 · 공연이 이어지는 도심 광장,Culture & leisure — a city plaza of exhibitions and performances,,,,,,,,번역 문구
living-fivlbf71,정주환경,04 문화시설 → Culture & Leisure,"일과 가까운 곳에 펼쳐진 자연, 도심 한복판의 문화 광장, 그리고 가까이에서 만나는 골프와 관광 인프라. B-CITY는 일하는 시간만큼 쉬는 시간도 풍요롭게 만듭니다","Nature beside the office, a culture plaza at the center of the city, and golf and tourism within reach. B-CITY makes time off as rich as time at work","Nature, culture, golf and tourism close to work",문화광장·전시·관광의 세부 구성은 같은 섹션에서 유지., 모바일 축약안은 이번 CSV에서 추가 검토 대상으로 작성.,,,,,번역 문구
living-89w5tu9,정주환경,04 문화시설 → Culture & Leisure,일상이 된 골프 라이프,Golf as part of the week,,,⚠ 1차 CSV 에 없던 행 — 이번에 처음 봐 주세요.,,,,,번역 문구 · 신규
living-rv9pn510,정주환경,04 문화시설 → Culture & Leisure,(본문 104자),"Three minutes from Nam-Chuncheon IC and 50 minutes from Seoul: a 943,000 m² course within B-CITY, accessible on an ordinary weekday. A course of this scale, previously a destination trip, now lies inside the city.",,,⚠ 1차 CSV 에 없던 행 — 이번에 처음 봐 주세요.,,,,,번역 문구 · 신규
living-1e7vd9i10,정주환경,04 문화시설 → Culture & Leisure,도시 한복판의 문화 거점,A cultural anchor downtown,,,⚠ 1차 CSV 에 없던 행 — 이번에 처음 봐 주세요.,,,,,번역 문구 · 신규
living-nxwm4f10,정주환경,04 문화시설 → Culture & Leisure,(본문 115자),"The cultural venues at the heart of the Business Complex sit among the shops and offices as the city's cultural core. Exhibitions, performances and events make the plaza part of the daily commute, both ways.",,,⚠ 1차 CSV 에 없던 행 — 이번에 처음 봐 주세요.,,,,,번역 문구 · 신규
living-18o20m116,정주환경,04 문화시설 → Culture & Leisure,도시 전체가 녹지로 채워진 도심 속 자연,Green through the whole city,,,⚠ 1차 CSV 에 없던 행 — 이번에 처음 봐 주세요.,,,,,번역 문구 · 신규
living-jml4xf10,정주환경,04 문화시설 → Culture & Leisure,(본문 106자),"Parks and green space fill 26% of B-CITY, so every moment of the day has more room in it. Trails, waterfront and inner-city green connect — a morning walk before work, a short break at lunch.",,,⚠ 1차 CSV 에 없던 행 — 이번에 처음 봐 주세요.,,,,,번역 문구 · 신규
living-vo1p1j13,정주환경,04 문화시설 → Culture & Leisure,가볍게 떠날 수 있는 여행의 도시,A city you can set out from,,,⚠ 1차 CSV 에 없던 행 — 이번에 처음 봐 주세요.,,,,,번역 문구 · 신규
living-otduzb10,정주환경,04 문화시설 → Culture & Leisure,(본문 137자),"Chuncheon's best-known destinations are right next door: Nami Island and Gangchon, the Kim Yu-jeong Literary Village, Lake Uiam and the Soyang River, Vivaldi Park. A short drive, and something different in every season.",,,⚠ 1차 CSV 에 없던 행 — 이번에 처음 봐 주세요.,,,,,번역 문구 · 신규
invest-1syp97l24,투자·입주,01 토지확보 요건 (#land),LAND REQUIREMENT / 토지확보 요건,LAND REQUIREMENT,,,,,,,,번역 문구
invest-1gnn29z32,투자·입주,01 토지확보 요건 (#land),"기업도시개발특별법 적용, / 토지확보 요건 50%로 완화","Under the Special Act on the Development of Enterprise Cities, / the land acquisition threshold is reduced to 50%.",Land acquisition threshold: 50%,표 제목용. 정식 법령명·토지 범위·요건·예외는 비교표와 본문에 모두 유지. 원문 법적 조건 확인 후 적용.,Special Act on Enterprise Cities는 정식 법명에서 생략이 큼. 무엇의 50%인지 면적·소유권·동의 구분은 법 조문과 대조해야 한다. 모바일 축약안은 이번 CSV에서 추가 검토 대상으로 작성.,,,,,번역 문구
invest-16xg8ux22,투자·입주,01 토지확보 요건 (#land),토지 미수용 리스크 해소로 안정적 사업추진 기반 완비,"Removing the risk of unacquired land, and with it the main obstacle to delivery",,,원문에 없는 “the main obstacle” 추가. removing risk 자체도 완전한 리스크 해소를 단정하므로 국문 근거 확인. 규정상 요건 완화와 사업 리스크 완전 해소는 구분.,,,,,번역 문구
invest-1vn09i76,투자·입주,법적 요건 비교,법적 요건 비교,How the two acts compare,,,,,,,,번역 문구
invest-m4akoy29,투자·입주,법적 요건 비교,같은 개발사업이라도 어느 법을 적용받느냐에 따라 출발선이 다릅니다,Land requirements differ depending on the legislation that applies.,,,different line은 출발선 직역. 비교표의 핵심을 직접 설명.,,,,,번역 문구
invest-ng32zc5,투자·입주,법적 요건 비교,도시개발법,Urban Development Act,,,,,,,,번역 문구
invest-1tsq1dv18,투자·입주,법적 요건 비교,기업도시개발 특별법 / B-CITY 적용,Special Act on the Development of Enterprise Cities / Applicable to B-CITY,,,용어집의 정식 법령명과 통일. 좁은 카드 제목은 약칭을 쓰고 인접 본문에 정식명 표기.,,,,,번역 문구
invest-178rm6b6,투자·입주,법적 요건 비교,법적 최소요건,Statutory minimum,,,,,,,,번역 문구
invest-83nqhq7,투자·입주,법적 요건 비교,66.7% 이상,66.7% or more,,,,,,,,번역 문구
invest-1h9y2cv7,투자·입주,법적 요건 비교,50%,50%,,,,,,,,번역 문구
invest-lrt8ni6,투자·입주,법적 요건 비교,토지 면적 요건,Land area requirement,,,원문 요건을 Land area로만 옮기면 단순 면적 값처럼 보인다.,,,,,번역 문구
invest-yveyhl10,투자·입주,법적 요건 비교,사업대상 토지의 2/3,Two-thirds of the project land,,,,,,,,번역 문구
invest-1bwn7t110,투자·입주,법적 요건 비교,사업대상 토지의 50%,50% of the project land,,,,,,,,번역 문구
invest-luhfbm5,투자·입주,법적 요건 비교,소유자 동의,Owner consent,,,,,,,,번역 문구
invest-1jrhlbb13,투자·입주,법적 요건 비교,토지소유자 총수의 ½ 이상 동의,Consent from at least half of all landowners,,,½ 이상은 at least half(≥50%). more than half(>50%)는 기준을 바꾼 오역. 여기서는 번역 관계를 정정하며 실제 법 적용 요건은 별도 검증.,,,,,번역 문구
invest-149ylhm11,투자·입주,법적 요건 비교,소유권 취득 또는 사용동의,"Title acquired, or consent to use",,,,,,,,번역 문구
invest-17f2g3f4,투자·입주,법적 요건 비교,충족 조건,Condition,,,,,,,,번역 문구
invest-gtiu6h9,투자·입주,법적 요건 비교,두 요건 모두 충족 필요,Both requirements must be met,,,,,,,,번역 문구
invest-573hkj17,투자·입주,법적 요건 비교,50% 확보 시 미확보 토지까지 수용 가능,"At 50%, the remaining land may be expropriated",,,At 50%만으로 자동 수용 가능하다고 읽힌다. 면적/소유권 확보 대상과 법적 절차·예외를 조문에 맞게 확인. 번역만으로 요건 충족을 판단하지 않는다.,,,,,번역 문구
invest-1rnidiw4,투자·입주,법적 요건 비교,VS,VS,,,작업 지시는 메모 칸으로 옮기고 최종 영문 값만 제공. 그대로 유지할 문구도 실제 문자열을 기입. ,,,,,번역 문구
invest-6mgoac25,투자·입주,02 투자 혜택 (#zone),INVESTMENT BENEFITS / 투자 혜택,INVESTMENT BENEFITS,,,,,,,,번역 문구
invest-fpwkud24,투자·입주,02 투자 혜택 (#zone),인허가 패스트트랙부터 최대규모 세제 혜택까지,From fast-track permitting to tax relief at the largest scale available,,,tax relief at the largest scale available은 비교 대상이 없는 최상급. 최대라는 근거 확인 후 정확한 제도명과 적용 조건으로 표현.,,,,,번역 문구
invest-5pqvd421,투자·입주,02 투자 혜택 (#zone),특구 지정과 이전기업 지원을 아우르는 전방위 혜택,Incentives spanning special-zone designations and support for relocating companies,Special-zone and relocation incentives,요약 제목용. 적용 대상·지원 요건은 상세 카드와 각주에 유지., 모바일 축약안은 이번 CSV에서 추가 검토 대상으로 작성.,,,,,번역 문구
invest-fpzjn35,투자·입주,02 투자 혜택 (#zone),특구별 혜택,Incentives by special zone,,,,,,,,번역 문구
invest-jxk2t319,투자·입주,02 투자 혜택 (#zone),성공적인 비즈니스를 위한 전방위적 특구 지원,Special-zone support across the board,,,,,,,,번역 문구
invest-99e7zh21,투자·입주,특구 1 — 바이오 국가첨단전략산업 특화단지,바이오 분야 / 국가첨단전략산업 특화단지,Bio sector / National High-Tech Strategic Industry Specialized Complex,,,,,,,,번역 문구
invest-7qzvqs7,투자·입주,특구 1 — 바이오 국가첨단전략산업 특화단지,춘천 · 홍천 선정,Designated: Chuncheon · Hongcheon,,,,,,,,번역 문구
invest-133xr6e9,투자·입주,특구 1 — 바이오 국가첨단전략산업 특화단지,신속 인허가,Fast-track permitting,,,,,,,,번역 문구
invest-r4it3r20,투자·입주,특구 1 — 바이오 국가첨단전략산업 특화단지,인허가 타임아웃제(60일 경과 시 자동처리),Permit time-out rule — automatic approval after 60 days,,,자동처리를 automatic approval로 바꾸면 승인 보장으로 강화된다. 의제 인허가 대상·60일 기산점·예외 확인 후 정식 제도 설명을 번역. “60-day permit review rule”은 임시 설명형 제목일 뿐 최종 법률 문구가 아니다.,,,,,번역 문구
invest-n616jz9,투자·입주,특구 1 — 바이오 국가첨단전략산업 특화단지,기반시설 설치비 지원,Infrastructure installation cost support,,,,,,,,번역 문구
invest-pa1i5v11,투자·입주,특구 1 — 바이오 국가첨단전략산업 특화단지,기반시설 · 융자,Infrastructure & loans,,,,,,,,번역 문구
invest-1vp7pgm19,투자·입주,특구 1 — 바이오 국가첨단전략산업 특화단지,"특화단지별 최대 1,000억 기반시설 지원",Up to KRW 100 billion in infrastructure support per complex,,,,,,,,번역 문구
invest-61uo8b13,투자·입주,특구 1 — 바이오 국가첨단전략산업 특화단지,R&D 융자(금리 -2%p),R&D loans with a 2-percentage-point interest rate reduction,R&D loans / 2 pp rate reduction,2 pp가 2 percentage points임을 인접 본문에서 풀어 씀. 기준금리·지원 조건 확인 후 사용.,−2 %p interest는 금리가 마이너스 2%라는 오해를 낳는다. 기준금리 대비 2%포인트 인하라는 원뜻을 유지하되 기준 및 적용 조건 확인. 모바일 축약안은 이번 CSV에서 추가 검토 대상으로 작성.,,,,,번역 문구
invest-1x79m4p8,투자·입주,특구 1 — 바이오 국가첨단전략산업 특화단지,세제 지원,Tax support,,,,,,,,번역 문구
invest-1m7hsle22,투자·입주,특구 1 — 바이오 국가첨단전략산업 특화단지,국가전략기술 투자세액공제(최대 25~35%),National strategic technology investment tax credit (up to 25–35%),,,up to 25–35%는 최대와 범위가 함께 있어 기업 규모별 상한인지 불명확. 세액공제 대상·기업 유형·적용 연도를 국문부터 명시.,,,,,번역 문구
invest-n3lbsc11,투자·입주,특구 1 — 바이오 국가첨단전략산업 특화단지,연구인력 개발비 세액공제,R&D and workforce development tax credit,,,,,,,,번역 문구
invest-1ddedjk29,투자·입주,특구 1 — 바이오 국가첨단전략산업 특화단지,제6차 국가첨단전략산업위원회 의결 (2024. 06. 27.),Resolved at the 6th National High-Tech Strategic Industry Committee (2024.06.27),,,,,,,,번역 문구
invest-5hcqf515,투자·입주,특구 2 — 글로벌 혁신 규제자유특구,글로벌 혁신 / 규제자유특구,Global Innovation / Regulation-Free Special Zone,,,Global Innovation Regulation-Free Special Zone과 AI Healthcare Global Innovation Special Zone가 용어집 내 혼재. 단순 용어 결합 대신 해당 고시의 지정명과 기능을 구분하여 확정.,,,,,번역 문구
invest-1faik597,투자·입주,특구 2 — 글로벌 혁신 규제자유특구,춘천 · 원주 선정,Designated: Chuncheon · Wonju,,,,,,,,번역 문구
invest-feb05k11,투자·입주,특구 2 — 글로벌 혁신 규제자유특구,포괄적 규제해제,Broad regulatory relief,,,,,,,,번역 문구
invest-xodp4f12,투자·입주,특구 2 — 글로벌 혁신 규제자유특구,네거티브 규제(전면 허용),Negative-list regulation — permitted unless prohibited,,,,,,,,번역 문구
invest-7wc7ip10,투자·입주,특구 2 — 글로벌 혁신 규제자유특구,해외 실증 및 R&D 지원,Support for overseas demonstration and R&D,,,,,,,,번역 문구
invest-1ilpi5q8,투자·입주,특구 2 — 글로벌 혁신 규제자유특구,실증 지원,Demonstration support,,,,,,,,번역 문구
invest-wbok3l9,투자·입주,특구 2 — 글로벌 혁신 규제자유특구,실증 책임보험료 지원,Support for liability insurance premiums for demonstration projects,,,보험료 지원을 premiums covered로 번역하면 전액 지원으로 읽힐 수 있다. 지원 범위·한도는 상세 조건으로.,,,,,번역 문구
invest-pinbma14,투자·입주,특구 2 — 글로벌 혁신 규제자유특구,글로벌 공동 실증 R&D 예산 지원,Budget support for joint international demonstration R&D,,,,,,,,번역 문구
invest-glgb2w10,투자·입주,특구 2 — 글로벌 혁신 규제자유특구,부담금 · 조세,Levies & taxes,,,,,,,,번역 문구
invest-1u74m0w19,투자·입주,특구 2 — 글로벌 혁신 규제자유특구,개발 / 농지 / 교통 / 산지 등 8종 부담금 감면,"Reduction of 8 levies, including development, farmland, traffic and forest",,,,,,,,번역 문구
invest-jyb4ua7,투자·입주,특구 2 — 글로벌 혁신 규제자유특구,사업자 조세 감면,Tax relief for operators,,,,,,,,번역 문구
invest-vdmau236,투자·입주,특구 2 — 글로벌 혁신 규제자유특구,중소벤처기업부 특구 지정 (2023. 12. 28.) · 고시 제2024-33호,Designated by the Ministry of SMEs and Startups (2023.12.28) · Notice No. 2024-33,,,✅ 국문을 고쳤다(2026-09-15) — 고시번호와 날짜가 어긋나 보였던 것은 오기가 아니라 두 사건이었다. 특구 지정 2023.12.28 · 고시 제2024-33호. (1차 ID invest-ffsfh331 — 국문이 바뀌어 ID 가 새로 생겼다) / 고시번호 2024-33호와 날짜 2023.12.28 조합을 고시 원문에서 재확인. 임의로 날짜나 번호를 수정하지 않는다.,,,,,번역 문구
invest-1skp73s16,투자·입주,특구 3 — 교육발전특구,교육발전특구 / 시범사업,Education Development Special Zone / pilot,,,,,,,,번역 문구
invest-1ah9zes10,투자·입주,특구 3 — 교육발전특구,춘천 · 원주 · 화천 선정,Designated: Chuncheon · Wonju · Hwacheon,,,,,,,,번역 문구
invest-1uj3eci12,투자·입주,특구 3 — 교육발전특구,인재 및 인프라 지원,Talent & infrastructure,,,,,,,,번역 문구
invest-1j4ol8x25,투자·입주,특구 3 — 교육발전특구,글로벌 · 국제화 교육 전면 도입(국제공인교육과정 운영),"Full adoption of international education, with accredited international curricula",,,,,,,,번역 문구
invest-11br8dp20,투자·입주,특구 3 — 교육발전특구,지역인재 전형 확대(Edu-Forest),Expanded local-talent admissions (Edu-Forest),,,,,,,,번역 문구
invest-q7fefp11,투자·입주,특구 3 — 교육발전특구,교원 · 보육 지원,Teaching & childcare,,,,,,,,번역 문구
invest-12z47la14,투자·입주,특구 3 — 교육발전특구,우수 교원 초빙(특별수당 지급),"Recruitment of high-caliber teachers, with special allowances",,,,,,,,번역 문구
invest-1g2wkfg11,투자·입주,특구 3 — 교육발전특구,영유아 교육기관 비용 지원,Support for early-childhood education costs,,,,,,,,번역 문구
invest-1qes4e820,투자·입주,특구 3 — 교육발전특구,영유아 보호자 지원(보육서비스이용권 지급),"Support for parents, including childcare service vouchers",,,,,,,,번역 문구
invest-1bvd6zj11,투자·입주,특구 3 — 교육발전특구,세제 · 재산 특례,Tax & property provisions,,,,,,,,번역 문구
invest-16mskzp14,투자·입주,특구 3 — 교육발전특구,강원특별법 개정안 기반 세제 지원,Proposed tax support under amendments to the Gangwon Special State Act,,,개정안은 proposed amendments. amended Act는 이미 개정된 법이라는 뜻으로 상태가 달라진다. 법명 정식 영문과 실제 개정 진행상태 확인 후 확정.,,,,,번역 문구
invest-bjezr311,투자·입주,특구 3 — 교육발전특구,국공유 재산 수의계약 특례,Special provision for negotiated contracts on state- and public-owned property,,,,,,,,번역 문구
invest-1azszlb16,투자·입주,특구 3 — 교육발전특구,교육부 (2024. 02. 28.),Ministry of Education (2024.02.28),,,,,,,,번역 문구
invest-1js6fjt8,투자·입주,이전기업 주요 혜택 (#benefit),이전기업 주요 혜택,Key incentives for relocating companies,Relocation incentives,뜻을 유지한 축약안. 실제 영문 화면에서 넘침·과도한 줄바꿈이 있을 때만 적용하고 모바일 줄 수를 재검증., 모바일 축약안은 이번 CSV에서 추가 검토 대상으로 작성.,,,,,번역 문구
invest-4osdyn13,투자·입주,이전기업 주요 혜택 (#benefit),지방 이전 및 투자기업 주요 혜택,For companies relocating to or investing in the region,For companies relocating or investing locally,뜻을 유지한 축약안. 실제 영문 화면에서 넘침·과도한 줄바꿈이 있을 때만 적용하고 모바일 줄 수를 재검증., 모바일 축약안은 이번 CSV에서 추가 검토 대상으로 작성.,,,,,번역 문구
invest-15bjb7t24,투자·입주,이전기업 주요 혜택 (#benefit),01 SUBSIDY / 투자 · 이전 보조금,01 SUBSIDY / Investment & relocation subsidies,,,,,,,,번역 문구
invest-1fccrsh13,투자·입주,이전기업 주요 혜택 (#benefit),최대 300억 규모의 직접 지원,Up to KRW 30 billion in direct support,Up to KRW 30 billion in support,최대 지원한도와 실제 지원 대상·조건·예산 변동 각주는 유지., 모바일 축약안은 이번 CSV에서 추가 검토 대상으로 작성.,,,,,번역 문구
invest-11sgta921,투자·입주,이전기업 주요 혜택 (#benefit),토지매입비 / 설비투자금 / 이전보조금(본사),Land acquisition / Capital equipment / HQ relocation,,,,,,,,번역 문구
invest-r8b8qi16,투자·입주,이전기업 주요 혜택 (#benefit),02 TAX / 세제 혜택,02 TAX / Tax relief,,,,,,,,번역 문구
invest-zy833716,투자·입주,이전기업 주요 혜택 (#benefit),최대 5년 100% + 2년 50% 감면,"100% tax exemption for up to 5 years, followed by a 50% reduction for 2 years",Tax: 100% for up to 5 years / Then 50% for 2 years,세목별 적용 기간과 대상 조건 확인 후 사용. 100% exemption / 50% reduction의 뜻을 인접 설명에 명시. 조건 각주는 축약하지 않음.,100%만 표시하면 무엇이 면제되는지 빠진다. 인접 4개 세목 모두에 같은 기간이 적용되는지 별도 확인 필요. 모바일 축약안은 이번 CSV에서 추가 검토 대상으로 작성.,,,,,번역 문구
invest-mdykqj15,투자·입주,이전기업 주요 혜택 (#benefit),소득세 / 법인세 / 취득세 / 재산세,Income tax / Corporate tax / Acquisition tax / Property tax,,,,,,,,번역 문구
invest-1uq5i5v114,투자·입주,이전기업 주요 혜택 (#benefit),"※ 정책 · 법령 개정 및 지자체 예산에 따라 지원 요건 · 규모가 변동될 수 있습니다. 혜택은 기업 여건(업종 · 투자규모 · 고용 등)에 따라 다르며, 지자체와 투자협약(MOU 등) 체결 이후 투자건에만 적용되므로 투자 전 반드시 관할 부처 · 지자체에 확인하시기 바랍니다.","* Eligibility and amounts may change with policy, legislation and local budgets. Incentives depend on each company’s circumstances (sector, investment size, employment) and apply only to investments made after an investment agreement (such as an MOU) is signed with the local authority. Please confirm with the relevant ministry and local authority before investing.",,,,,,,,번역 문구
pr-1cqidpc13,홍보센터,01 공지사항 → Notices (notice.html),NOTICE / 공지사항,NOTICES,,,NOTICE / Notices 이중 표시 정리. 영어 아이브로우와 타이틀 계층을 둘 다 남길 경우 반복을 의도적으로 설계.,,,,,번역 문구
pr-x6wfjn23,홍보센터,01 공지사항 → Notices (notice.html),B-CITY의 새로운 소식을 전해드립니다,What’s new at B-CITY,,,,,,,,번역 문구
pr-85hkhj12,홍보센터,02 언론보도 → Press (press.html),PRESS / 언론보도,MEDIA COVERAGE,,,PRESS / Press 반복 제거. 실제 목록이 기사 보도인지 자체 배포 보도자료인지 구분.,,,,,번역 문구
pr-156wq2e16,홍보센터,02 언론보도 → Press (press.html),언론이 주목한 B-CITY,B-CITY in the news,,,,,,,,번역 문구
pr-cl06xk12,홍보센터,03 홍보영상 → Videos (video.html),VIDEO / 홍보영상,VIDEOS,,,VIDEO / Videos 반복 제거.,,,,,번역 문구
pr-ha79r317,홍보센터,03 홍보영상 → Videos (video.html),영상으로 만나는 B-CITY,B-CITY on film,,,,,,,,번역 문구
pr-8svkgy13,홍보센터,04 갤러리 → Gallery (gallery.html),GALLERY / 갤러리,GALLERY,,,GALLERY / Gallery 반복 제거.,,,,,번역 문구
pr-n13h9020,홍보센터,04 갤러리 → Gallery (gallery.html),조감도와 현장으로 보는 B-CITY,B-CITY in renderings and on site,,,,,,,,번역 문구
pr-l3wrr17,홍보센터,05 발행물 → Publications (publication.html),PUBLICATION / 발행물,PUBLICATIONS,,,PUBLICATION / Publications 반복 제거.,,,,,번역 문구
pr-oj831s15,홍보센터,05 발행물 → Publications (publication.html),카달로그와 사업 소개 자료,Catalogs and project materials,,,,,,,,번역 문구
pr-1s38inm44,홍보센터,상세 페이지 (notice-<id>.html · press-<id>.html),{{postTitle}} · 공지사항 · B-CITY 춘천기업혁신파크 (title),{{postTitle}} · Notices · B-CITY Chuncheon Enterprise Innovation Park,,,,,,,,번역 문구
pr-parwgg44,홍보센터,상세 페이지 (notice-<id>.html · press-<id>.html),{{postTitle}} · 언론보도 · B-CITY 춘천기업혁신파크 (title),{{postTitle}} · Press · B-CITY Chuncheon Enterprise Innovation Park,,,,,,,,번역 문구
pr-xshmul18,홍보센터,상세 페이지 (notice-<id>.html · press-<id>.html),보도일자 2026.09.09,"Published September 9, 2026",,,,,,,,번역 문구
pr-1fkba2d6,홍보센터,상세 페이지 (notice-<id>.html · press-<id>.html),원문 기사 보기,Read the original article,,,한국어 기사인 경우에만 “Read original article (Korean)” 표시. 모든 링크를 한국어라고 일괄 가정하지 않는다.,,,,,번역 문구
pr-p90qx14,홍보센터,상세 페이지 (notice-<id>.html · press-<id>.html),첨부파일,Attachments,,,,,,,,번역 문구
pr-1fuv9o07,홍보센터,상세 페이지 (notice-<id>.html · press-<id>.html),이전 글 / 다음 글,Previous / Next,,,,,,,,번역 문구
pr-omkbsr4,홍보센터,상세 페이지 (notice-<id>.html · press-<id>.html),목록으로,Back to list,,,,,,,,번역 문구
about-ayxzml4,회사소개,01 회사개요 (#profile),회사개요,Company profile,,,,,,,,번역 문구
about-8hpjao30,회사소개,01 회사개요 (#profile),(caption) 바이오테크이노밸리피에프브이㈜ 회사개요,"Company profile — Biotech Innovalley PFV Co., Ltd.",,,,,,,,번역 문구
about-1a4m23h5,회사소개,01 회사개요 (#profile),구분 / 내용,Item / Details,,,,,,,,번역 문구
about-1272aas22,회사소개,01 회사개요 (#profile),회사명 바이오테크이노밸리피에프브이㈜,"Company Biotech Innovalley PFV Co., Ltd.",,,,,,,,번역 문구
about-1vxxhsi35,회사소개,01 회사개요 (#profile),"영문명 Biotech Innovalley PFV Co., Ltd.",Korean name / 바이오테크이노밸리피에프브이㈜,,,구현 지시는 메모로 이동. 영문판에서 행의 의미를 Korean name으로 바꾸는 것은 번역이 아니라 표 구조 변경이므로 의도적으로 결정. 법인 국문명 자체는 유지해도 오류가 아니다.,,,,,번역 문구
about-1g6oggd40,회사소개,01 회사개요 (#profile),법적 성격 PFV / Project Financing Vehicle · 명목회사,Legal form PFV / Project Financing Vehicle · special-purpose company,,,,,,,,번역 문구
about-1i3w3wj17,회사소개,01 회사개요 (#profile),설립일 2025년 8월 28일,"Established August 28, 2025",,,,,,,,번역 문구
about-1g40aoo20,회사소개,01 회사개요 (#profile),사업 춘천 기업혁신파크 선도사업 시행,Business: Development of the Chuncheon Enterprise Innovation Park Pilot Project,,,Business Delivery가 하나의 항목명처럼 붙는다. 라벨과 값 분리.,,,,,번역 문구
about-1hq4r3c26,회사소개,01 회사개요 (#profile),"본사 서울특별시 광진구 자양로 58, 태림빌딩 3층","Head office 3F Taerim Bldg., 58 Jayang-ro, Gwangjin-gu, Seoul, Republic of Korea",,,,,,,,번역 문구
about-wu1vt726,회사소개,01 회사개요 (#profile),홈페이지 www.biotech-iv.com,Website www.biotech-iv.com,,,,,,,,번역 문구
about-1fvepgl28,회사소개,01 회사개요 (#profile),※ 자산관리 수탁자 — 바이오테크이노밸리자산관리㈜ (AMC),"Appointed asset manager — Biotech Innovalley Asset Management Co., Ltd. (AMC)",,,trustee 대신 계약상 역할에 맞는 asset manager.,,,,,번역 문구
about-1efhk0221,회사소개,비전,수도권의 한계를 넘어선 기업도시의 표준,Beyond the limits of the Seoul metropolitan area — a new standard for the enterprise city,,,,,,,,번역 문구
about-1wndjgl122,회사소개,비전,"바이오테크이노밸리는 단순한 사업 시행사가 아닌, B-CITY의 비전 동반자입니다. / AI와 BIO가 융합되는 첨단산업 도시, 일과 삶이 어우러지는 자족형 도시, 자연과 첨단이 공존하는 지속가능한 도시를 만들어가며 대한민국 미래 도시의 새로운 기준을 제시하고자 합니다.",Biotech Innovalley is not merely the developer of B-CITY but a partner in its vision. / An advanced-industry city where AI and bio converge; a self-sufficient city where work and life fit together; a city where nature and technology coexist.,"A city of AI and biotech, balanced living, nature and technology.",비전 요약용. 시행사 역할·국내 미래도시 기준이라는 비전 설명은 펼침 상세에 유지., 모바일 축약안은 이번 CSV에서 추가 검토 대상으로 작성.,,,,,번역 문구
about-14n7k2a22,회사소개,비전,"Be the Light, Be the Future","Be the Light, Be the Future",,,작업 지시는 메모 칸으로 옮기고 최종 영문 값만 제공. 그대로 유지할 문구도 실제 문자열을 기입. ,,,,,번역 문구
about-1egf3ns2,회사소개,02 역할 (#role),역할,Roles,,,,,,,,번역 문구
about-1cfp7j822,회사소개,02 역할 (#role),"PFV와 AMC, 두 축으로 운영되는 사업 시행 체계",Project delivery through the PFV and AMC,Project delivery through PFV and AMC,PFV·AMC 풀네임과 역할은 바로 아래 카드에서 제공.,two axes는 직역투. 두 조직의 역할은 아래 상세 카드에서 설명. 모바일 축약안은 이번 CSV에서 추가 검토 대상으로 작성.,,,,,번역 문구
about-16g9uru12,회사소개,02 역할 (#role),PFV / 명목회사,PFV / special-purpose company,,,,,,,,번역 문구
about-mhy77d6,회사소개,02 역할 (#role),사업 시행 주체,Project developer,,,시행 주체를 entity로만 쓰면 기능이 불명확.,,,,,번역 문구
about-pnyg2d67,회사소개,02 역할 (#role),"바이오테크이노밸리피에프브이㈜는 자본 · 자산 · 수익이 집중되는 사업 시행의 중심으로, 토지 확보부터 분양까지 B-CITY 사업의 전 과정을 총괄합니다","Biotech Innovalley PFV Co., Ltd. is the center of delivery, where capital, assets and revenue converge. It oversees the whole project, from securing land to selling lots",Overseeing B-CITY from land acquisition to lot sales,법인명 및 자본·자산·수익의 관리 역할은 카드 상단/펼침 본문에 유지., 모바일 축약안은 이번 CSV에서 추가 검토 대상으로 작성.,,,,,번역 문구
about-16ej6e512,회사소개,02 역할 (#role),AMC / 자산관리,AMC / asset management,,,,,,,,번역 문구
about-1wy4g277,회사소개,02 역할 (#role),전문 운영 수탁자,The appointed operator,,,,,,,,번역 문구
about-o0yrh257,회사소개,02 역할 (#role),"바이오테크이노밸리자산관리㈜는 PFV의 자산을 전문적으로 운용하는 자산관리회사로, 사업 실행의 전문성과 안정성을 책임집니다","Biotech Innovalley Asset Management Co., Ltd. professionally manages the PFV’s assets and supports reliable project delivery.",Professional PFV asset management and project delivery,AMC 법인명 및 책임 범위를 인접 설명에 유지.,runs assets / accountable for the expertise는 어색한 연결. 책임 범위는 실제 위탁계약과 정합성 유지. 모바일 축약안은 이번 CSV에서 추가 검토 대상으로 작성.,,,,,번역 문구
about-14iof4737,회사소개,02 역할 (#role),PFV와 AMC가 분리 운영되어 사업의 투명성과 책임성을 동시에 확보합니다,Running the PFV and the AMC separately secures both transparency and accountability,,,,,,,,번역 문구
about-1lsos3n7,회사소개,03 CONTACT (#contact-info),CONTACT,CONTACT,,,작업 지시는 메모 칸으로 옮기고 최종 영문 값만 제공. 그대로 유지할 문구도 실제 문자열을 기입. ,,,,,번역 문구
about-1nsy4ta18,회사소개,03 CONTACT (#contact-info),함께 미래를 만들어갈 파트너를 기다립니다,We are looking for partners to build the future with,Partners to build the future together,뜻을 유지한 축약안. 실제 영문 화면에서 넘침·과도한 줄바꿈이 있을 때만 적용하고 모바일 줄 수를 재검증., 모바일 축약안은 이번 CSV에서 추가 검토 대상으로 작성.,,,,,번역 문구
about-13eksrw26,회사소개,03 CONTACT (#contact-info),"주소 서울특별시 광진구 자양로 58, 태림빌딩 3층","Address 3F Taerim Bldg., 58 Jayang-ro, Gwangjin-gu, Seoul, Republic of Korea",,,,,,,,번역 문구
about-qgrhoh21,회사소개,03 CONTACT (#contact-info),대표 전화 070-4130-0423,Phone +82-70-4130-0423,,,,,,,,번역 문구
about-wu1vt726-1,회사소개,03 CONTACT (#contact-info),홈페이지 www.biotech-iv.com,Website www.biotech-iv.com,,,,,,,,번역 문구
about-hc5he54,회사소개,03 CONTACT (#contact-info),전화 연결,Call,,,,,,,,번역 문구
about-1v5dkb53,회사소개,03 CONTACT (#contact-info),길찾기,Directions,,,,,,,,번역 문구
about-1vjbdm54,회사소개,03 CONTACT (#contact-info),문의하기,Contact,,,Inquire / Contact / Contact us 중 작은 버튼은 Contact로 통일.,,,,,번역 문구
about-rtt45b30,회사소개,03 CONTACT (#contact-info),태림빌딩(서울특별시 광진구 자양로 58) 주변 지도 (alt),"Map around Taerim Bldg., 58 Jayang-ro, Gwangjin-gu, Seoul",,,,,,,,번역 문구
about-wwpgkw16,회사소개,03 CONTACT (#contact-info),바이오테크 이노밸리 (지도 핀),Biotech Innovalley,,,,,,,,번역 문구
about-hzb0gq30,회사소개,03 CONTACT (#contact-info),카카오맵에서 바이오테크 이노밸리 위치 보기 (새 창) (.sr),View Biotech Innovalley on Kakao Map (opens in a new window),,,,,,,,번역 문구
about-1d69yjf18,회사소개,03 CONTACT (#contact-info),(새 창 · 도착지 입력됨) (.sr),(opens in a new window · destination pre-filled),,,,,,,,번역 문구
_shell-fhwht64,공통 셸,1. 대메뉴 (GNB) · 카테고리,사업소개,The Project,,,사업소개에는 사업개요·입지·일정·사업주체가 있으므로 Business보다 Project가 정확. 비즈니스 권역과도 구분됨.,,,,,번역 문구
_shell-16hfirx4,공통 셸,1. 대메뉴 (GNB) · 카테고리,도시소개,City Overview,,,,,,,,번역 문구
_shell-1yqx4xn5,공통 셸,1. 대메뉴 (GNB) · 카테고리,투자·입주,Invest & Locate,,,경제개발 웹 문맥에서는 쓸 수 있어 오역으로 판정하지 않음. 하위 문의 폼에 Business location으로 뜻 보완. 본문에서는 locate your business in B-CITY처럼 목적어 명시.,,,,,번역 문구
_shell-1ymbp6w4,공통 셸,1. 대메뉴 (GNB) · 카테고리,홍보센터,News & Media,,,PR Center 이해 가능하나 방문자 탐색 관점에서 뉴스와 자료를 명료하게 안내.,,,,,번역 문구
_shell-757l5h4,공통 셸,1. 대메뉴 (GNB) · 카테고리,회사소개,About Us,,,,,,,,번역 문구
_shell-51eo3m4,공통 셸,2. 하위 메뉴 (LNB) — 한 줄에 들어가야 한다,사업개요,Overview,,,,,,,,번역 문구
_shell-1tv0v7k2,공통 셸,2. 하위 메뉴 (LNB) — 한 줄에 들어가야 한다,입지,Location,,,,,,,,번역 문구
_shell-1v0cde14,공통 셸,2. 하위 메뉴 (LNB) — 한 줄에 들어가야 한다,기대효과,Impact,,,,,,,,번역 문구
_shell-1nez8fe4,공통 셸,2. 하위 메뉴 (LNB) — 한 줄에 들어가야 한다,추진일정,Timeline,,,,,,,,번역 문구
_shell-ya9xaa4,공통 셸,2. 하위 메뉴 (LNB) — 한 줄에 들어가야 한다,사업주체,Project Partners,,,해당 페이지가 PFV·AMC·지자체·금융기관까지 담으므로 Developer 단수는 좁다. /about.html 회사소개와 구분. 페이지 본문 첫 제목은 Project Structure & Partners 가능.,,,,,번역 문구
_shell-1d1b2uj3,공통 셸,2. 하위 메뉴 (LNB) — 한 줄에 들어가야 한다,브랜드,Brand,,,,,,,,번역 문구
_shell-13il6m22,공통 셸,2. 하위 메뉴 (LNB) — 한 줄에 들어가야 한다,컨셉,Concept,,,,,,,,번역 문구
_shell-bnfas24,공통 셸,2. 하위 메뉴 (LNB) — 한 줄에 들어가야 한다,구역 소개,Districts,,,,,,,,번역 문구
_shell-eqad0r4,공통 셸,2. 하위 메뉴 (LNB) — 한 줄에 들어가야 한다,정주환경,Living,,,,,,,,번역 문구
_shell-7qlzx86,공통 셸,2. 하위 메뉴 (LNB) — 한 줄에 들어가야 한다,토지확보 요건,Land Requirements,,,한 가지 요건만이 아닌 면적·소유자 동의 등 비교이므로 복수형이 자연스러움.,,,,,번역 문구
_shell-t8hpla4,공통 셸,2. 하위 메뉴 (LNB) — 한 줄에 들어가야 한다,투자 혜택,Incentives,,,,,,,,번역 문구
_shell-1vjbdm54,공통 셸,2. 하위 메뉴 (LNB) — 한 줄에 들어가야 한다,문의하기,Contact,,,,,,,,번역 문구
_shell-aaw6rf4,공통 셸,2. 하위 메뉴 (LNB) — 한 줄에 들어가야 한다,공지사항,Notices,,,,,,,,번역 문구
_shell-oabz0l4,공통 셸,2. 하위 메뉴 (LNB) — 한 줄에 들어가야 한다,언론보도,Press,,,,,,,,번역 문구
_shell-1duttq24,공통 셸,2. 하위 메뉴 (LNB) — 한 줄에 들어가야 한다,홍보영상,Videos,,,,,,,,번역 문구
_shell-bfh8qb3,공통 셸,2. 하위 메뉴 (LNB) — 한 줄에 들어가야 한다,갤러리,Gallery,,,,,,,,번역 문구
_shell-1qxsym3,공통 셸,2. 하위 메뉴 (LNB) — 한 줄에 들어가야 한다,발행물,Publications,,,,,,,,번역 문구
_shell-4n126m4,공통 셸,3. 히어로 · 브레드크럼,HOME,HOME,,,작업 지시는 메모 칸으로 옮기고 최종 영문 값만 제공. 그대로 유지할 문구도 실제 문자열을 기입. ,,,,,번역 문구
_shell-1d7v51e18,공통 셸,3. 히어로 · 브레드크럼,현재 위치 (aria-label),Breadcrumb,,,,,,,,번역 문구
_shell-ahz3el29,공통 셸,3. 히어로 · 브레드크럼,{{catEn}} · {{catLabel}} 아이브로우,01 PROJECT,,,작업 지시는 메모 칸으로 옮기고 최종 영문 값만 제공. 그대로 유지할 문구도 실제 문자열을 기입. 카테고리 Project 선택 시에만 적용; 카테고리·페이지별 템플릿 변수는 별도 보존.,,,,,번역 문구
_shell-1y1d27c32,공통 셸,3. 히어로 · 브레드크럼,{{catLabel}} 하위 메뉴 (aria-label),{{catLabel}} submenu,,,,,,,,번역 문구
_shell-2xycvd29,공통 셸,3. 히어로 · 브레드크럼,{{catLabel}} · {{h1}} (감춘 h1),{{catLabel}} — {{h1}},,,,,,,,번역 문구
_shell-nq81yb22,공통 셸,4. 페이지 제목 · 설명 (<title> · meta description),사업개요 / 입지 / 기대효과 / 추진일정 / 사업주체,Overview / Location / Impact / Timeline / Project Partners,,,사업주체 메뉴명 수정 시 문서 제목·브레드크럼에도 동일 적용.,,,,,번역 문구
_shell-hk79ou16,공통 셸,4. 페이지 제목 · 설명 (<title> · meta description),브랜드 / 컨셉 / 구역 소개 / 정주환경,Brand / Concept / Districts / Living,,,,,,,,번역 문구
_shell-1yqx4xn5-1,공통 셸,4. 페이지 제목 · 설명 (<title> · meta description),투자 · 입주,Invest & Locate,,,GNB와 문서 제목 유지. 영문 메뉴명이 길어졌다고 의미를 Investment만으로 줄이면 입주가 빠진다.,,,,,번역 문구
_shell-1mqxgqb22,공통 셸,4. 페이지 제목 · 설명 (<title> · meta description),공지사항 / 언론보도 / 홍보영상 / 갤러리 / 발행물,Notices / Press / Videos / Gallery / Publications,,,,,,,,번역 문구
_shell-757l5h4-1,공통 셸,4. 페이지 제목 · 설명 (<title> · meta description),회사소개,About Us,,,,,,,,번역 문구
_shell-1wvy9gx15,공통 셸,4. 페이지 제목 · 설명 (<title> · meta description),요청하신 페이지를 찾을 수 없습니다,We couldn’t find that page,,,,,,,,번역 문구
_shell-zs1nxt12,공통 셸,5. 푸터,바이오테크 이노밸리 PFV,Biotech Innovalley PFV,,,,,,,,번역 문구
_shell-p107b622,공통 셸,5. 푸터,주소 : 서울특별시 광진구 자양로58 태림빌딩 3층,"3F Taerim Bldg., 58 Jayang-ro, Gwangjin-gu, Seoul, Republic of Korea",,,,,,,,번역 문구
_shell-ss97ky20,공통 셸,5. 푸터,사업자등록번호 : 883-81-03982,Business Registration No. 883-81-03982,,,,,,,,번역 문구
_shell-vzh9b741,공통 셸,5. 푸터,"* 본 홈페이지에 사용된 영상, 사진 및 이미지 등은 소비자의 이해를 돕기 위한 것으로 변경될 수 있음","* Film, photographs and images on this site are for illustrative purposes and are subject to change.",,,,,,,,번역 문구
_shell-1st1odu32,공통 셸,5. 푸터,* 본 홈페이지에서 제공되는 정보는 향후 사업추진 상황에 따라 변경될 수 있음,* Information on this site may change as the project progresses.,,,,,,,,번역 문구
_shell-h2t90o30,공통 셸,5. 푸터,© 2026 B-CITY. All rights reserved.,© 2026 B-CITY. All rights reserved.,,,작업 지시는 메모 칸으로 옮기고 최종 영문 값만 제공. 그대로 유지할 문구도 실제 문자열을 기입. ,,,,,번역 문구
_shell-7si8x112,공통 셸,5. 푸터,푸터 메뉴 (aria),Footer menu,,,,,,,,번역 문구
_shell-6gfu6m13,공통 셸,5. 푸터,회사소개 / 개인정보처리방침,About Us / Privacy Policy,,,,,,,,번역 문구
_shell-s939ej17,공통 셸,6. GNB 주변 · 접근성 라벨,B·CITY 홈 (로고 aria),B-CITY home,,,,,,,,번역 문구
_shell-1qqaqx311,공통 셸,6. GNB 주변 · 접근성 라벨,주 메뉴 (aria),Main menu,,,,,,,,번역 문구
_shell-1f8cgut12,공통 셸,6. GNB 주변 · 접근성 라벨,전체 메뉴 (aria),All menus,,,,,,,,번역 문구
_shell-s4f9r59,공통 셸,6. GNB 주변 · 접근성 라벨,메뉴 열기 / 메뉴 닫기,Open menu / Close menu,,,,,,,,번역 문구
_shell-1k7dkyo6,공통 셸,6. GNB 주변 · 접근성 라벨,KO | EN,KO | EN,,,"CSV 한국어 칸은 KO와 백슬래시, 영문 칸은 EN으로 나뉘어 있음. 이 행은 일대일 번역이 아니라 언어 선택 컨트롤 구조로 관리. (1차 ID _shell-1c710u13)",,,,,번역 문구
_shell-11g7yns15,공통 셸,6. GNB 주변 · 접근성 라벨,준비중입니다 (EN 말풍선),영문판에서는 이 말풍선을 쓰지 않는다. KO 는 실제 링크이므로 안내가 필요 없다,,,작업 지시는 메모 칸으로 옮기고 최종 영문 값만 제공. 영문 오픈 후 준비중 안내 요소를 제거하는 구현 항목; 공백 문자열을 본문 번역으로 넣는 뜻이 아님.,,,,,번역 문구
_shell-1fxw5fv11,공통 셸,6. GNB 주변 · 접근성 라벨,(새 창) (.sr),(opens in a new window),,,,,,,,번역 문구
_shell-sbwl7114,공통 셸,6. GNB 주변 · 접근성 라벨,페이지 (페이저 aria),Pagination,,,,,,,,번역 문구
_shell-y2pj3s11,공통 셸,6. GNB 주변 · 접근성 라벨,이전 페이지 / 다음 페이지,Previous page / Next page,,,,,,,,번역 문구
_shell-4r7zlw2,공통 셸,6. GNB 주변 · 접근성 라벨,N쪽,Page N,,,,,,,,번역 문구
_shell-114k7l77,공통 셸,6. GNB 주변 · 접근성 라벨,TOP / 맨 위로,TOP / Back to top,,,,,,,,번역 문구
_shell-13u5mr911,공통 셸,6. GNB 주변 · 접근성 라벨,문의하기 (플로팅),Contact,,,플로팅 문의 버튼과 회사소개 버튼 통일.,,,,,번역 문구
_shell-4swym212,공통 셸,7. 목록 UI (빌더 pages.mjs 안의 문구),등록된 게시물이 없습니다.,No posts yet.,,,,,,,,번역 문구
_shell-n0m6ir10,공통 셸,7. 목록 UI (빌더 pages.mjs 안의 문구),검색 결과가 없습니다.,No results.,,,,,,,,번역 문구
_shell-9xv5ow13,공통 셸,7. 목록 UI (빌더 pages.mjs 안의 문구),본문이 등록되지 않았습니다.,No content has been posted.,,,,,,,,번역 문구
_shell-q44y0i6,공통 셸,7. 목록 UI (빌더 pages.mjs 안의 문구),이미지 준비 중,Image coming soon,,,,,,,,번역 문구
_shell-j7nbdd4,공통 셸,7. 목록 UI (빌더 pages.mjs 안의 문구),보도일자,Published,,,,,,,,번역 문구
_shell-1fkba2d6,공통 셸,7. 목록 UI (빌더 pages.mjs 안의 문구),원문 기사 보기,Read the original article,,,,,,,,번역 문구
_shell-p90qx14,공통 셸,7. 목록 UI (빌더 pages.mjs 안의 문구),첨부파일,Attachments,,,,,,,,번역 문구
_shell-1fuv9o07,공통 셸,7. 목록 UI (빌더 pages.mjs 안의 문구),이전 글 / 다음 글,Previous / Next,,,,,,,,번역 문구
_shell-173f8dm17,공통 셸,7. 목록 UI (빌더 pages.mjs 안의 문구),없습니다 (이전·다음이 없을 때),No previous post / No next post,,,None은 혼자 읽힐 때 맥락 부족. 이전/다음 위치별 문구 또는 비활성 상태의 접근성 설명을 분리.,,,,,번역 문구
_shell-omkbsr4,공통 셸,7. 목록 UI (빌더 pages.mjs 안의 문구),목록으로,Back to list,,,,,,,,번역 문구
_shell-owdtt12,공통 셸,7. 목록 UI (빌더 pages.mjs 안의 문구),전체,All,,,,,,,,번역 문구
_shell-yjkbfu12,공통 셸,7. 목록 UI (빌더 pages.mjs 안의 문구),행사 / 현장 / 조감도 / 기타,Events / Site photos / Renderings / Other,,,현장 분류는 On site보다 Site photos가 사진 갤러리 의미에 명확.,,,,,번역 문구
_shell-4rwr6q16,공통 셸,7. 목록 UI (빌더 pages.mjs 안의 문구),카달로그 / IM / 브로슈어 / 리포트,Catalogs / Information Memoranda (IM) / Brochures / Reports,,,IM은 공개 방문자에게 모호하다. 문서 실제 표제에서 Information Memorandum인지 Investment Memorandum인지 확인 후 통일. 필터 짧은 라벨 IM은 전체명 안내와 함께 사용.,,,,,번역 문구
_shell-f5axhp19,공통 셸,7. 목록 UI (빌더 pages.mjs 안의 문구),갤러리 분류 / 발행물 분류 (aria),Gallery category / Publication type,,,,,,,,번역 문구
_shell-4xr6kp11,공통 셸,7. 목록 UI (빌더 pages.mjs 안의 문구),전체 / 언론사별 / 기간별,All / By outlet / By date,,,,,,,,번역 문구
_shell-17uv3i77,공통 셸,7. 목록 UI (빌더 pages.mjs 안의 문구),제목 · 내용 검색,Search titles and content,,,,,,,,번역 문구
_shell-1fxrcde2,공통 셸,7. 목록 UI (빌더 pages.mjs 안의 문구),검색,Search,,,,,,,,번역 문구
_shell-lnblqi5,공통 셸,7. 목록 UI (빌더 pages.mjs 안의 문구),N건 표시 중,Showing N items,,,,,,,,번역 문구
_shell-13qjnxa13,공통 셸,7. 목록 UI (빌더 pages.mjs 안의 문구),확대해서 보기 (.sr),View larger,,,독립 UI 문구 첫 글자 대문자. 기존 접근성 이름은 구체적 이미지 제목을 함께 포함하면 좋다.,,,,,번역 문구
_shell-1rtvad09,공통 셸,7. 목록 UI (빌더 pages.mjs 안의 문구),재생 (.sr),Play,,,동작 라벨 첫 글자 대문자; 여러 영상일 때 영상 제목과 결합.,,,,,번역 문구
_shell-thi13813,공통 셸,7. 목록 UI (빌더 pages.mjs 안의 문구),새 창으로 열기 / 새 창으로 보기,Open in a new window / View in a new window,,,독립 문구 대소문자 통일.,,,,,번역 문구
_shell-b54b264,공통 셸,7. 목록 UI (빌더 pages.mjs 안의 문구),내려받기,Download,,,동작 라벨 첫 글자 대문자.,,,,,번역 문구
_shell-1xkdt3p10,공통 셸,7. 목록 UI (빌더 pages.mjs 안의 문구),보기 (공문 버튼),View,,,,,,,,번역 문구
_shell-1mp51rf25,공통 셸,7. 목록 UI (빌더 pages.mjs 안의 문구),※ [보기]를 누르면 공문 원본을 확대해 보실 수 있습니다.,* Select View to open the original document at full size. Documents are in Korean.,,,,,,,,번역 문구
_shell-1g9tz719,공통 셸,8. 404 페이지,요청하신 페이지를 / 찾을 수 없습니다,We couldn’t find / the page you requested,,,,,,,,번역 문구
_shell-1wvrmb756,공통 셸,8. 404 페이지,"주소가 바뀌었거나 삭제된 페이지일 수 있습니다. / 주소를 다시 확인해 주시거나, 위 메뉴에서 원하시는 내용을 찾아보세요.","The address may have changed, or the page may have been removed. / Please check the address, or use the menu above to locate the page you require.",,,,,,,,번역 문구
_shell-11s7eap8,공통 셸,8. 404 페이지,메인으로 돌아가기,Back to home,,,,,,,,번역 문구
_shell-12wfn8a12,공통 셸,9. 표 · 각주에 반복되는 문구,구분 / 내용 (표 머리),Item / Details,,,,,,,,번역 문구
_shell-t0u2xx5,공통 셸,9. 표 · 각주에 반복되는 문구,합계 / 소계,Total / Subtotal,,,,,,,,번역 문구
_shell-13afvgd10,공통 셸,9. 표 · 각주에 반복되는 문구,㎡ / 평 (표 머리),m² / pyeong,,,,,,,,번역 문구
_shell-1ef3ifm2,공통 셸,9. 표 · 각주에 반복되는 문구,구역,Block,,,,,,,,번역 문구
_shell-1s8wep79,공통 셸,9. 표 · 각주에 반복되는 문구,— (해당 없음),—,,,작업 지시는 메모 칸으로 옮기고 최종 영문 값만 제공. 그대로 유지할 문구도 실제 문자열을 기입. ,,,,,번역 문구
_shell-u51f6i33,공통 셸,9. 표 · 각주에 반복되는 문구,※ 상기 구획은 인허가 또는 관계 기관 협의 등 사업 진행 과정에서 변경될 수 있음.,* Block boundaries above may change through permitting and consultation with the authorities.,,,,,,,,번역 문구
_shell-n6wcm369,공통 셸,9. 표 · 각주에 반복되는 문구,"※ 상기 계획(안)은 국토교통부 통합개발계획 접수(안) 기준으로 작성된 것으로, 추후 사업 주체 또는 관계 기관 사정, 인허가 과정 등에 따라 변경될 수 있습니다.","* The plan shown reflects the draft Integrated Development Plan submitted to MOLIT. It may change according to the developer, the authorities concerned, or the permitting process.",,,계획(안)의 draft 상태 보존. 인허가 과정에서 변경될 수 있다는 기존 조건은 유지.,,,,,번역 문구
_shell-1364fq755,공통 셸,9. 표 · 각주에 반복되는 문구,"※ 면적은 국토교통부 통합개발계획 접수(안) 기준이며, 총 사업면적 약 110만평은 하천 · 공원 · 녹지 등을 포함한 값입니다.","* Areas reflect the Integrated Development Plan as submitted to MOLIT. The total project area of approx. 3.63 million m² includes rivers, parks and green space.",,,,,,,,번역 문구
_shell-ejwadn29,공통 셸,9. 표 · 각주에 반복되는 문구,* 소요시간은 교통량 및 도로사정에 따라 차이가 발생할 수 있습니다.,* Travel times vary with traffic and road conditions.,,,,,,,,번역 문구
glossary-1bwann812,용어집,1. 사업 · 제도 (가장 중요),춘천 기업혁신파크 선도사업,Chuncheon Enterprise Innovation Park Pilot Project,,,✅ 「Enterprise Innovation Park · EIP」로 확정(2026-09-15 사용자 확인). 근거는 사내 공식 영문 IM — 표지·목차·사업개요 표·공문 목록에서 37회 일관. Corporate Innovation Park·CIP 는 쓰지 않는다,,,,,용어집
glossary-1u4gf876,용어집,1. 사업 · 제도 (가장 중요),기업혁신파크,Enterprise Innovation Park (EIP),,,✅ 「Enterprise Innovation Park · EIP」로 확정(2026-09-15 사용자 확인). 근거는 사내 공식 영문 IM — 표지·목차·사업개요 표·공문 목록에서 37회 일관. Corporate Innovation Park·CIP 는 쓰지 않는다,,,,,용어집
glossary-nljli4,용어집,1. 사업 · 제도 (가장 중요),선도사업,pilot project,,,,,,,,용어집
glossary-q5nm464,용어집,1. 사업 · 제도 (가장 중요),기업도시,enterprise city,,,,,,,,용어집
glossary-lxkroa9,용어집,1. 사업 · 제도 (가장 중요),기업도시개발특별법,Special Act on the Development of Enterprise Cities,,,,,,,,용어집
glossary-1km1l0h8,용어집,1. 사업 · 제도 (가장 중요),기업도시개발사업,enterprise city development project,,,,,,,,용어집
glossary-ng32zc5,용어집,1. 사업 · 제도 (가장 중요),도시개발법,Urban Development Act,,,,,,,,용어집
glossary-549a746,용어집,1. 사업 · 제도 (가장 중요),통합개발계획,Integrated Development Plan,,,,,,,,용어집
glossary-mzt3yo11,용어집,1. 사업 · 제도 (가장 중요),통합개발계획 접수(안),Draft Integrated Development Plan submitted to MOLIT,,,접수안의 draft 의미를 명확히 유지. approved와 구분.,,,,,용어집
glossary-1davnnd6,용어집,1. 사업 · 제도 (가장 중요),개발구역 지정,designation of the development district,,,,,,,,용어집
glossary-19c1z8a8,용어집,1. 사업 · 제도 (가장 중요),토지거래허가구역,Land Transaction Permission Zone,,,,,,,,용어집
glossary-fr6maf10,용어집,1. 사업 · 제도 (가장 중요),개발행위허가 제한지역,Development Activity Permit Restriction Area,,,,,,,,용어집
glossary-1l2xf735,용어집,1. 사업 · 제도 (가장 중요),고시 / 공고,public notice / public announcement,,,,,,,,용어집
glossary-uhs2iy2,용어집,1. 사업 · 제도 (가장 중요),수용,expropriation,,,,,,,,용어집
glossary-1mcaxsf4,용어집,1. 사업 · 제도 (가장 중요),사용동의,consent to use,,,,,,,,용어집
glossary-1rnvor05,용어집,1. 사업 · 제도 (가장 중요),원형지 공급,supply as raw land,,,,,,,,용어집
glossary-1hvjr6x6,용어집,1. 사업 · 제도 (가장 중요),환경영향평가,Environmental Impact Assessment (EIA),,,,,,,,용어집
glossary-13qbwa68,용어집,1. 사업 · 제도 (가장 중요),전략환경영향평가,Strategic Environmental Impact Assessment,,,,,,,,용어집
glossary-411hr18,용어집,1. 사업 · 제도 (가장 중요),주민공람 / 공청회,public inspection / public hearing,,,,,,,,용어집
glossary-18vmcp75,용어집,1. 사업 · 제도 (가장 중요),주민 간담회,residents' briefing session,,,,,,,,용어집
glossary-14axaav3,용어집,1. 사업 · 제도 (가장 중요),인허가,permits and approvals,,,,,,,,용어집
glossary-b5t3z22,용어집,1. 사업 · 제도 (가장 중요),준공,completion,,,,,,,,용어집
glossary-600qj6,용어집,1. 사업 · 제도 (가장 중요),부지조성공사,site development works,,,,,,,,용어집
glossary-63236r9,용어집,1. 사업 · 제도 (가장 중요),사업비 조달 (PF),securing project financing,,,close가 실제 금융종결일 때만 financial close로 사용.,,,,,용어집
glossary-bpex5z15,용어집,2. 회사 · 금융 구조,바이오테크이노밸리피에프브이㈜,"Biotech Innovalley PFV Co., Ltd.",,,,,,,,용어집
glossary-yu8oi914,용어집,2. 회사 · 금융 구조,바이오테크이노밸리자산관리㈜,"Biotech Innovalley Asset Management Co., Ltd.",,,,,,,,용어집
glossary-eodlvw16,용어집,2. 회사 · 금융 구조,바이오테크 이노밸리 PFV (약칭),Biotech Innovalley PFV,,,,,,,,용어집
glossary-1u19og73,용어집,2. 회사 · 금융 구조,PFV,Project Financing Vehicle (PFV),,,,,,,,용어집
glossary-u2ojxs3,용어집,2. 회사 · 금융 구조,AMC,Asset Management Company (AMC),,,,,,,,용어집
glossary-1s7zft74,용어집,2. 회사 · 금융 구조,명목회사,special-purpose company,,,paper company는 실체 없는 회사라는 부정적 인상을 줄 수 있으므로 홍보 본문에서는 제외. 법률 설명에 필요하면 별도 정의.,,,,,용어집
glossary-3mi6ij10,용어집,2. 회사 · 금융 구조,사업 시행 주체 / 시행자,project entity / developer,,,,,,,,용어집
glossary-1flslap2,용어집,2. 회사 · 금융 구조,출자,equity investment,,,,,,,,용어집
glossary-3a5gsz3,용어집,2. 회사 · 금융 구조,출자자,shareholders,,,,,,,,용어집
glossary-h3fg794,용어집,2. 회사 · 금융 구조,출자지분,equity stake,,,,,,,,용어집
glossary-zf02yq5,용어집,2. 회사 · 금융 구조,출자금 납부,equity contribution,,,,,,,,용어집
glossary-1h9wnxj3,용어집,2. 회사 · 금융 구조,자본금,paid-in capital,,,,,,,,용어집
glossary-yoeber10,용어집,2. 회사 · 금융 구조,앵커기업 / 앵커 파트너,Anchor Company / Anchor Partner,,,,,,,,용어집
glossary-1ueoui45,용어집,2. 회사 · 금융 구조,GI · 공공,GI · Public (Government Investor),,,,,,,,용어집
glossary-1o31pae5,용어집,2. 회사 · 금융 구조,FI · 금융,FI · Finance (Financial Investor),,,,,,,,용어집
glossary-ko6r3x5,용어집,2. 회사 · 금융 구조,CI · 시공,CI · Construction (Construction Investor),,,,,,,,용어집
glossary-1d6n7h15,용어집,2. 회사 · 금융 구조,SI · 전략,SI · Strategic (Strategic Investor),,,,,,,,용어집
glossary-1i34mhk4,용어집,2. 회사 · 금융 구조,수분양자,Purchasers,,,,,,,,용어집
glossary-c2qgx74,용어집,2. 회사 · 금융 구조,용지분양,land lot sales,,,,,,,,용어집
glossary-10xbi3y4,용어집,2. 회사 · 금융 구조,분양대금,sales proceeds,,,,,,,,용어집
glossary-henfh4,용어집,2. 회사 · 금융 구조,토지 매매,land sale,,,,,,,,용어집
glossary-kx0rxa5,용어집,2. 회사 · 금융 구조,토지 보상비,land compensation,,,,,,,,용어집
glossary-b7b1ch6,용어집,2. 회사 · 금융 구조,PF대출약정,PF loan agreement,,,,,,,,용어집
glossary-1fhadzk9,용어집,2. 회사 · 금융 구조,PF대출원리금 상환,PF loan repayment (도형) / repayment of PF loan principal and interest (본문),,,,,,,,용어집
glossary-6gp5ve7,용어집,2. 회사 · 금융 구조,자산관리 수탁자,appointed asset manager,,,AMC의 업무 수탁을 신탁 수탁자 trustee로 혼동하지 않는다.,,,,,용어집
glossary-sluewi5,용어집,2. 회사 · 금융 구조,민·관 합동,public–private partnership,,,,,,,,용어집
glossary-ovjne73,용어집,2. 회사 · 금융 구조,공신력,institutional credibility,,,,,,,,용어집
glossary-1enh9h512,용어집,3. 특구 · 인센티브,국가첨단전략산업 특화단지,National High-Tech Strategic Industry Specialized Complex,,,"긴 이름 자체가 오역이라는 뜻은 아님. 최초 정식 명칭 유지, 설명형 축약 명칭은 “National biotech cluster” 등으로 별도 승인·정의.",,,,,용어집
glossary-rinpwg6,용어집,3. 특구 · 인센티브,규제자유특구,Regulation-Free Special Zone,,,,,,,,용어집
glossary-d6bph711,용어집,3. 특구 · 인센티브,글로벌 혁신 규제자유특구,Global Innovation Regulation-Free Special Zone,,,글로벌혁신특구와 규제자유특구를 합성한 명칭인지 확인. 실제 지정 고시의 영문명과 대상 사업을 확인 후 확정.,,,,,용어집
glossary-5lo5m513,용어집,3. 특구 · 인센티브,AI 헬스케어 글로벌 혁신특구,AI Healthcare Global Innovation Special Zone,,,,,,,,용어집
glossary-h506fb6,용어집,3. 특구 · 인센티브,교육발전특구,Education Development Special Zone,,,,,,,,용어집
glossary-1s5faoc6,용어집,3. 특구 · 인센티브,기회발전특구,Opportunity Development Zone,,,,,,,,용어집
glossary-16sey7t8,용어집,3. 특구 · 인센티브,강원연구개발특구,Gangwon R&D Special Zone (Innopolis),,,Gangwon R&D Special Zone / Gangwon INNOPOLIS 중 공식 브랜드와 법정 제도명을 구분. 기관 공식 표기 확인 후 선택.,,,,,용어집
glossary-17viwso2,용어집,3. 특구 · 인센티브,특구,special zone,,,,,,,,용어집
glossary-1bu7x228,용어집,3. 특구 · 인센티브,인허가 타임아웃제,permit review deadline mechanism,,,한국어 설명을 영문 칸에서 분리. 60일 뒤 자동 승인으로 확정하기 전에 근거 조문과 적용 절차 확인.,,,,,용어집
glossary-ci0zc56,용어집,3. 특구 · 인센티브,네거티브 규제,negative-list regulation,,,full permission by default는 다른 규제까지 전부 면제되는 것처럼 읽힐 수 있다. 해당 특구의 허용 범위·안전 요건을 본문에 명시.,,,,,용어집
glossary-167al2i2,용어집,3. 특구 · 인센티브,실증,demonstration / pilot testing / real-world validation,,,실증은 모든 위치에서 demonstration만 쓰지 않는다. 기술 시연·현장 시험·검증 중 문맥에 맞게 선택하되 같은 활동은 일관 표기.,,,,,용어집
glossary-1w3xv8p7,용어집,3. 특구 · 인센티브,실증 책임보험료,demonstration liability insurance premium,,,,,,,,용어집
glossary-1hk8ebf3,용어집,3. 특구 · 인센티브,부담금,levies,,,,,,,,용어집
glossary-sy4sad12,용어집,3. 특구 · 인센티브,국가전략기술 투자세액공제,national strategic technology investment tax credit,,,,,,,,용어집
glossary-n3lbsc11,용어집,3. 특구 · 인센티브,연구인력 개발비 세액공제,R&D and workforce development tax credit,,,,,,,,용어집
glossary-n616jz9,용어집,3. 특구 · 인센티브,기반시설 설치비 지원,infrastructure installation cost support,,,,,,,,용어집
glossary-61uo8b13,용어집,3. 특구 · 인센티브,R&D 융자(금리 -2%p),R&D loans with a 2-percentage-point interest rate reduction,,,-2%p를 금리 자체로 표현하지 않는다.,,,,,용어집
glossary-tysa2b6,용어집,3. 특구 · 인센티브,수의계약 특례,special provision for negotiated contracts,,,,,,,,용어집
glossary-1pnxr9a4,용어집,3. 특구 · 인센티브,이전기업,relocating companies,,,,,,,,용어집
glossary-898wdm8,용어집,3. 특구 · 인센티브,투자 · 이전 보조금,investment and relocation subsidies,,,,,,,,용어집
glossary-11sgta921,용어집,3. 특구 · 인센티브,토지매입비 / 설비투자금 / 이전보조금(본사),land acquisition cost / capital equipment investment / headquarters relocation grant,,,,,,,,용어집
glossary-mdykqj15,용어집,3. 특구 · 인센티브,소득세 / 법인세 / 취득세 / 재산세,income tax / corporate tax / acquisition tax / property tax,,,,,,,,용어집
glossary-mw47352,용어집,3. 특구 · 인센티브,감면,reduction / exemption,,,,,,,,용어집
glossary-so3ssm10,용어집,3. 특구 · 인센티브,투자협약(MOU 등),investment agreement (MOU or equivalent),,,,,,,,용어집
glossary-1elfjoy2,용어집,4. 토지이용 · 도시계획,권역,district,,,,,,,,용어집
glossary-1yf5bqz12,용어집,4. 토지이용 · 도시계획,구역 (DC1 · HT1 …),block,,,,,,,,용어집
glossary-vif1qm4,용어집,4. 토지이용 · 도시계획,부지 면적,site area,,,,,,,,용어집
glossary-18rdeaf4,용어집,4. 토지이용 · 도시계획,용도지역,zoning,,,,,,,,용어집
glossary-f9xmze5,용어집,4. 토지이용 · 도시계획,준공업지역,Semi-Industrial Zone,,,,,,,,용어집
glossary-76mzf06,용어집,4. 토지이용 · 도시계획,일반공업지역,General Industrial Zone,,,,,,,,용어집
glossary-1j7ckh46,용어집,4. 토지이용 · 도시계획,일반상업지역,General Commercial Zone,,,,,,,,용어집
glossary-uzwfjo5,용어집,4. 토지이용 · 도시계획,준주거지역,Semi-Residential Zone,,,,,,,,용어집
glossary-1ub4cv59,용어집,4. 토지이용 · 도시계획,제2종 일반주거지역,Class II General Residential Zone,,,,,,,,용어집
glossary-grxyaq4,용어집,4. 토지이용 · 도시계획,복합용지,mixed-use land,,,,,,,,용어집
glossary-1g9qn033,용어집,4. 토지이용 · 도시계획,건폐율,building coverage ratio (BCR),,,,,,,,용어집
glossary-2lq1m53,용어집,4. 토지이용 · 도시계획,용적률,floor area ratio (FAR),,,,,,,,용어집
glossary-1eel3h42,용어집,4. 토지이용 · 도시계획,층수,number of floors,,,층수 자체에는 최대 제한 의미가 없다. “이하” 값이 있는 규제 표의 짧은 머리에는 Maximum floors 사용 가능.,,,,,용어집
glossary-mj4v944,용어집,4. 토지이용 · 도시계획,공동주택,multi-family housing,,,,,,,,용어집
glossary-peav7d4,용어집,4. 토지이용 · 도시계획,단독주택,detached housing,,,,,,,,용어집
glossary-1aokrbs4,용어집,4. 토지이용 · 도시계획,주상복합,mixed-use residential,,,,,,,,용어집
glossary-41umg86,용어집,4. 토지이용 · 도시계획,근린생활시설,neighborhood retail and services,,,,,,,,용어집
glossary-1tdbdrq6,용어집,4. 토지이용 · 도시계획,시니어하우징,senior housing,,,,,,,,용어집
glossary-uei6ni5,용어집,4. 토지이용 · 도시계획,과학자마을,Scientists' Village (researcher housing),,,,,,,,용어집
glossary-1bob1ea4,용어집,4. 토지이용 · 도시계획,계획 세대,planned housing units,,,"세대수가 공급 주택 수인지 실제 가구 수인지 확인. 주택공급 계획이라면 units, 인구통계상의 가구라면 households.",,,,,용어집
glossary-1kuoqbi4,용어집,4. 토지이용 · 도시계획,계획 인구,planned population,,,,,,,,용어집
glossary-hqrnts4,용어집,4. 토지이용 · 도시계획,소셜믹스,social mix,,,,,,,,용어집
glossary-clck535,용어집,4. 토지이용 · 도시계획,직 · 주 · 락,work–live–play,,,,,,,,용어집
glossary-csatyl6,용어집,4. 토지이용 · 도시계획,단핵 복합 상권,central mixed-use commercial hub,,,single-core는 도시계획 전문자료에 남길 수 있으나 홈페이지에서는 central hub가 쉬움.,,,,,용어집
glossary-ff1uod9,용어집,4. 토지이용 · 도시계획,정주환경 / 정주 여건,living environment,,,,,,,,용어집
glossary-1ckumso4,용어집,4. 토지이용 · 도시계획,정주 인구,resident population,,,,,,,,용어집
glossary-t3x20z10,용어집,4. 토지이용 · 도시계획,자족도시 / 자족형 도시,self-sufficient city,,,,,,,,용어집
glossary-5k245r4,용어집,4. 토지이용 · 도시계획,직주근접,live-work proximity,,,,,,,,용어집
glossary-p8vmts3,용어집,4. 토지이용 · 도시계획,생활권,Seoul metropolitan access / commuting area / retail catchment,,,"생활권은 일대일 대응어가 없다. 수도권 접근성, 통근권, 상권 범위를 각각 구분. 내부 한국어 안내는 메모에 보존.",,,,,용어집
glossary-3d2qaa6,용어집,4. 토지이용 · 도시계획,보행 네트워크,pedestrian network,,,,,,,,용어집
glossary-1migqmp5,용어집,4. 토지이용 · 도시계획,녹지 · 수변,green and waterfront spaces,,,,,,,,용어집
glossary-l8im186,용어집,4. 토지이용 · 도시계획,대중형 골프장,public (daily-fee) golf course,,,,,,,,용어집
glossary-1a0vopq4,용어집,4. 토지이용 · 도시계획,코스 연장,course length,,,,,,,,용어집
glossary-yyt8k18,용어집,4. 토지이용 · 도시계획,클럽하우스 / 그늘집 / 관리동 / 연습시설,clubhouse / halfway house / maintenance building / practice facility,,,,,,,,용어집
glossary-ms4wbo5,용어집,4. 토지이용 · 도시계획,파크골프장,park-golf course,,,,,,,,용어집
glossary-1pkij5b11,용어집,5. 산업 · 기술,하이퍼스케일 데이터센터,hyperscale data center,,,,,,,,용어집
glossary-1e7tmjf4,용어집,5. 산업 · 기술,수전용량,grid power supply capacity,,,incoming power capacity도 이해 가능. IT load와 구분하여 수전용량임을 명시. 전력 확보·승인 완료 상태는 별개.,,,,,용어집
glossary-wwn90u9,용어집,5. 산업 · 기술,154kV 직접 수전,direct 154 kV grid connection,,,,,,,,용어집
glossary-1k4mhwp8,용어집,5. 산업 · 기술,목표 PUE 1.2,target PUE of 1.2,,,,,,,,용어집
glossary-1go4xzb4,용어집,5. 산업 · 기술,집적단지,integrated complex / cluster,,,,,,,,용어집
glossary-1ljmlka10,용어집,5. 산업 · 기술,Low & Wide 설계,low-and-wide design,,,,,,,,용어집
glossary-20et9l6,용어집,5. 산업 · 기술,데이터 안심존,secure data analysis environment,,,Data Safe Zone가 공식 서비스명이면 유지하고 안전한 데이터 분석 공간이라고 첫 노출 설명. 단순 데이터 저장소로 번역하지 않는다.,,,,,용어집
glossary-1gq5sef5,용어집,5. 산업 · 기술,라이프로그,lifelog,,,,,,,,용어집
glossary-17jf5al6,용어집,5. 산업 · 기술,미 생물보안법,the U.S. BIOSECURE Act,,,,,,,,용어집
glossary-agpkhj9,용어집,5. 산업 · 기술,블록버스터 특허 만료,patent expirations for blockbuster drugs,,,blockbuster patent cliff는 업계 관용어로 가능하나 일반 방문자에게 drugs를 명시하면 명확.,,,,,용어집
glossary-112feu07,용어집,5. 산업 · 기술,중소형 CDMO,small- and mid-sized CDMOs,,,기업 규모를 가리키는 경우. 중소 규모 생산 서비스를 가리키면 small- and medium-scale contract development and manufacturing으로 구분.,,,,,용어집
glossary-xojfz54,용어집,5. 산업 · 기술,신 · 증설,new build and expansion,,,,,,,,용어집
glossary-1hzwvra7,용어집,5. 산업 · 기술,난치 · 희귀 질환,intractable and rare diseases,,,,,,,,용어집
glossary-dgp99g5,용어집,5. 산업 · 기술,유전체 분석,genomic analysis,,,,,,,,용어집
glossary-19yrntz7,용어집,5. 산업 · 기술,바이오마커 발굴,biomarker discovery,,,,,,,,용어집
glossary-u96wmx4,용어집,5. 산업 · 기술,밸류체인,value chain,,,,,,,,용어집
glossary-1cj3tgt2,용어집,5. 산업 · 기술,환류,"feedback / reinvestment / recirculation, depending on context",,,"환류는 데이터 피드백, 수익 재투자, 자원 순환마다 다르다. feedback loop 일괄 치환 금지.",,,,,용어집
glossary-wzewr510,용어집,5. 산업 · 기술,분산형 · 가상 임상시험,decentralized and virtual clinical trials,,,,,,,,용어집
glossary-aki97j9,용어집,5. 산업 · 기술,인실리코 시뮬레이션,in silico simulation,,,,,,,,용어집
glossary-srjkiu3,용어집,5. 산업 · 기술,RWD,real-world data (RWD),,,,,,,,용어집
glossary-yj6h4x3,용어집,5. 산업 · 기술,ADC,antibody–drug conjugate (ADC),,,,,,,,용어집
glossary-jy0t304,용어집,5. 산업 · 기술,정밀의료,precision medicine,,,,,,,,용어집
glossary-wokyfi7,용어집,5. 산업 · 기술,통합 의료 생태계,integrated care ecosystem,,,,,,,,용어집
glossary-1st0f0x5,용어집,5. 산업 · 기술,피지컬 AI,Physical AI,,,,,,,,용어집
glossary-2kqg0j5,용어집,5. 산업 · 기술,휴머노이드,humanoid robots,,,,,,,,용어집
glossary-pts3l011,용어집,5. 산업 · 기술,도심항공교통(UAM),Urban Air Mobility (UAM),,,,,,,,용어집
glossary-1qkn5vf5,용어집,5. 산업 · 기술,디지털 트윈,digital twin,,,,,,,,용어집
glossary-1rvijll2,용어집,5. 산업 · 기술,관제,monitoring and control / operations management,,,관제에 제어·대응 기능이 포함되면 monitoring만으로는 부족. 실제 기능 범위에 맞춤.,,,,,용어집
glossary-1wa3hs14,용어집,5. 산업 · 기술,콜드체인,cold chain,,,,,,,,용어집
glossary-13kbfc67,용어집,5. 산업 · 기술,군 급식 민간위탁,outsourced military food service,,,,,,,,용어집
glossary-foc07a7,용어집,5. 산업 · 기술,완전경쟁입찰제,open competitive bidding,,,,,,,,용어집
glossary-oyzil24,용어집,5. 산업 · 기술,케이터링,catering,,,,,,,,용어집
glossary-1uqvf502,용어집,5. 산업 · 기술,양산,commercial-scale production,,,바이오 생산 맥락에서 mass production보다 자연스러울 수 있음. 제품·제조 문맥에서는 mass production도 가능.,,,,,용어집
glossary-1vrg3id4,용어집,5. 산업 · 기술,스마트팜,smart farm (facility) / smart farming (practice),,,시설 스마트팜과 농업 활동 smart farming을 구분.,,,,,용어집
glossary-mbnvy94,용어집,5. 산업 · 기술,푸드테크,food tech,,,,,,,,용어집
glossary-15gyvq67,용어집,5. 산업 · 기술,산 · 학 · 연 협력,industry–academia–research collaboration,,,,,,,,용어집
glossary-1sw3r6o4,용어집,5. 산업 · 기술,CCRC,CCRC (continuing care retirement community),,,,,,,,용어집
glossary-1sqfebs4,용어집,5. 산업 · 기술,로봇 캐디,robot caddie,,,,,,,,용어집
glossary-1p299j95,용어집,6. 기관 · 지명 · 기업,국토교통부,"Ministry of Land, Infrastructure and Transport (MOLIT)",,,,,,,,용어집
glossary-tmiymj7,용어집,6. 기관 · 지명 · 기업,성장거점정책과,Growth Hub Policy Division,,,,,,,,용어집
glossary-q28z6h7,용어집,6. 기관 · 지명 · 기업,중소벤처기업부,Ministry of SMEs and Startups (MSS),,,,,,,,용어집
glossary-1b63fi3,용어집,6. 기관 · 지명 · 기업,교육부,Ministry of Education,,,,,,,,용어집
glossary-1l8tcp011,용어집,6. 기관 · 지명 · 기업,국가첨단전략산업위원회,National High-Tech Strategic Industry Committee,,,,,,,,용어집
glossary-1bl6e8b7,용어집,6. 기관 · 지명 · 기업,강원특별자치도,Gangwon State,,,,,,,,용어집
glossary-1ca8qpz3,용어집,6. 기관 · 지명 · 기업,춘천시,Chuncheon City,,,,,,,,용어집
glossary-ks3l6j5,용어집,6. 기관 · 지명 · 기업,더존비즈온,Douzone Bizon,,,,,,,,용어집
glossary-40u6ce7,용어집,6. 기관 · 지명 · 기업,IBK투자증권,IBK Investment & Securities,,,,,,,,용어집
glossary-teboxf5,용어집,6. 기관 · 지명 · 기업,에스에너지,S-Energy,,,,,,,,용어집
glossary-1mp4pb58,용어집,6. 기관 · 지명 · 기업,프로티움사이언스,Protium Science,,,,,,,,용어집
glossary-lzhvsh5,용어집,6. 기관 · 지명 · 기업,강원대학교,Kangwon National University,,,,,,,,용어집
glossary-1v2ec865,용어집,6. 기관 · 지명 · 기업,한림대학교,Hallym University,,,,,,,,용어집
glossary-t57ww7,용어집,6. 기관 · 지명 · 기업,강원대학교병원,Kangwon National University Hospital,,,,,,,,용어집
glossary-fyothr9,용어집,6. 기관 · 지명 · 기업,한림대춘천성심병원,Hallym University Chuncheon Sacred Heart Hospital,,,,,,,,용어집
glossary-1s7dm7t10,용어집,6. 기관 · 지명 · 기업,춘천바이오산업진흥원,Chuncheon Bioindustry Foundation,,,,,,,,용어집
glossary-1xs2pmj9,용어집,6. 기관 · 지명 · 기업,강원도청 · 춘천시청,Gangwon State Office · Chuncheon City Hall,,,,,,,,용어집
glossary-c4m70k13,용어집,6. 기관 · 지명 · 기업,남산면 광판리 산68번지 일원,"San 68, Gwangpan-ri, Namsan-myeon, Chuncheon-si, Gangwon State",,,,,,,,용어집
glossary-1sszop612,용어집,6. 기관 · 지명 · 기업,"자양로 58, 태림빌딩 3층","3F Taerim Bldg., 58 Jayang-ro, Gwangjin-gu, Seoul",,,,,,,,용어집
glossary-ve6a6v3,용어집,6. 기관 · 지명 · 기업,여의도,Yeouido,,,,,,,,용어집
glossary-1n0mkb510,용어집,6. 기관 · 지명 · 기업,남춘천 IC / 강촌 IC,Namchuncheon IC / Gangchon IC,,,Namchuncheon / Nam-Chuncheon 혼용 제거. 도로 운영기관의 공식 표기가 있으면 그것을 최종 기준으로 한다.,,,,,용어집
glossary-1xbmguc8,용어집,6. 기관 · 지명 · 기업,서울양양고속도로,Seoul–Yangyang Expressway,,,,,,,,용어집
glossary-rzktyo6,용어집,6. 기관 · 지명 · 기업,중앙고속도로,Jungang Expressway,,,,,,,,용어집
glossary-lkxkyj9,용어집,6. 기관 · 지명 · 기업,제2경춘고속화도로,2nd Gyeongchun Expressway,,,✅ 「제2경춘고속화도로 · 2nd Gyeongchun Expressway」로 확정(2026-09-14). National Road·Highway 안 씁니다. / 같은 도로를 Expressway와 National Road로 다른 체계처럼 번역하지 않는다. 정식 영문명 최종 확인 필요. (1차 ID glossary-16z1jpe16),,,,,용어집
glossary-690te48,용어집,6. 기관 · 지명 · 기업,김유정로 / 충효로,Kimyoujeong-ro / Chunghyo-ro,,,,,,,,용어집
glossary-zxds3610,용어집,6. 기관 · 지명 · 기업,경춘선 / ITX-청춘,Gyeongchun Line / ITX-Cheongchun,,,,,,,,용어집
glossary-f0brui8,용어집,6. 기관 · 지명 · 기업,GTX-B 연장선,GTX-B extension,,,,,,,,용어집
glossary-109gc4315,용어집,6. 기관 · 지명 · 기업,잠실 / 서울역 / 청량리 / 중랑IC,Jamsil / Seoul Station / Cheongnyangni / Jungnang IC,,,,,,,,용어집
glossary-17ki9l311,용어집,6. 기관 · 지명 · 기업,양양국제공항 / 김포공항,Yangyang International Airport / Gimpo Airport,,,,,,,,용어집
glossary-1gpyzyw7,용어집,6. 기관 · 지명 · 기업,속초항 / 동해항,Sokcho Port / Donghae Port,,,,,,,,용어집
glossary-12rg6cv3,용어집,6. 기관 · 지명 · 기업,남이섬,Nami Island,,,,,,,,용어집
glossary-ynz93o10,용어집,6. 기관 · 지명 · 기업,강촌 (엘리시안 강촌),Gangchon (Elysian Gangchon),,,,,,,,용어집
glossary-qteke27,용어집,6. 기관 · 지명 · 기업,의암호 / 소양강,Lake Uiam / Soyang River,,,,,,,,용어집
glossary-1m9hq5n5,용어집,6. 기관 · 지명 · 기업,비발디파크,Vivaldi Park,,,,,,,,용어집
glossary-175aks54,용어집,6. 기관 · 지명 · 기업,레고랜드,Legoland Korea,,,,,,,,용어집
glossary-13osg796,용어집,6. 기관 · 지명 · 기업,김유정 문학촌,Kim Yu-jeong Literary Village,,,,,,,,용어집
glossary-1m7rdf714,용어집,6. 기관 · 지명 · 기업,에듀포레스트 교육발전특구 춘천,Edu-Forest Chuncheon Education Development Special Zone,,,,,,,,용어집
glossary-1ag7zzr4,용어집,6. 기관 · 지명 · 기업,공공누리,KOGL (Korea Open Government License),,,,,,,,용어집
glossary-n3295w6,용어집,6. 기관 · 지명 · 기업,한국관광공사,Korea Tourism Organization,,,,,,,,용어집
glossary-15z86i011,용어집,6. 기관 · 지명 · 기업,개인정보 분쟁조정위원회,Personal Information Dispute Mediation Committee,,,,,,,,용어집
glossary-1na9y3c10,용어집,6. 기관 · 지명 · 기업,개인정보침해 신고센터,Privacy Infringement Report Center,,,,,,,,용어집
glossary-6yd4l610,용어집,6. 기관 · 지명 · 기업,대검찰청 사이버수사과,"Supreme Prosecutors' Office, Cybercrime Investigation Division",,,,,,,,용어집
glossary-2ibneo9,용어집,6. 기관 · 지명 · 기업,경찰청 사이버수사국,"National Police Agency, Cyber Bureau",,,,,,,,용어집
glossary-5qlqnf7,용어집,11. 개인정보 · 법률 용어 (메인 #privacy 전용),개인정보 보호법,Personal Information Protection Act (PIPA),,,,,,,,용어집
glossary-cdc1vg6,용어집,11. 개인정보 · 법률 용어 (메인 #privacy 전용),개인정보 처리,processing of personal data,,,,,,,,용어집
glossary-1h0miud8,용어집,11. 개인정보 · 법률 용어 (메인 #privacy 전용),개인정보처리방침,Privacy Policy,,,,,,,,용어집
glossary-12sw97w4,용어집,11. 개인정보 · 법률 용어 (메인 #privacy 전용),정보주체,data subject,,,,,,,,용어집
glossary-1jxizkb4,용어집,11. 개인정보 · 법률 용어 (메인 #privacy 전용),처리 목적,purpose of processing,,,,,,,,용어집
glossary-14xptod4,용어집,11. 개인정보 · 법률 용어 (메인 #privacy 전용),보유 기간,retention period,,,,,,,,용어집
glossary-1wi6cd75,용어집,11. 개인정보 · 법률 용어 (메인 #privacy 전용),제3자 제공,provision to third parties,,,,,,,,용어집
glossary-pivi9g5,용어집,11. 개인정보 · 법률 용어 (메인 #privacy 전용),처리의 위탁,outsourcing of personal data processing,,,entrustment of processing도 한국 법령 영문 문맥에서 가능. 이용자용 설명은 쉬운 표현으로 통일하되 법적 의미 보존.,,,,,용어집
glossary-s3jbhi3,용어집,11. 개인정보 · 법률 용어 (메인 #privacy 전용),수탁자,service provider entrusted with processing,,,entrustee는 일반 방문자에게 낯섦. 수탁자의 실제 역할을 설명; GDPR상의 processor와 완전히 동일하다고 단정하지 않는다.,,,,,용어집
glossary-1nkt0e92,용어집,11. 개인정보 · 법률 용어 (메인 #privacy 전용),파기,destruction,,,,,,,,용어집
glossary-1phcb897,용어집,11. 개인정보 · 법률 용어 (메인 #privacy 전용),안전성 확보조치,security measures,,,,,,,,용어집
glossary-1b58y1z9,용어집,11. 개인정보 · 법률 용어 (메인 #privacy 전용),개인정보 보호책임자,Privacy Officer,,,국내 개인정보 보호책임자를 DPO로 단정하면 다른 관할의 역할을 암시할 수 있음. 최종 영문 방침에서 적용법과 역할 명칭 확인.,,,,,용어집
glossary-9azg3w13,용어집,11. 개인정보 · 법률 용어 (메인 #privacy 전용),열람 · 정정 · 삭제 · 처리정지,access · correction · deletion · suspension of processing,,,,,,,,용어집
glossary-14akpj44,용어집,11. 개인정보 · 법률 용어 (메인 #privacy 전용),동의 철회,withdrawal of consent,,,,,,,,용어집
glossary-1gpixly6,용어집,11. 개인정보 · 법률 용어 (메인 #privacy 전용),권익침해 구제,remedies for infringement of rights,,,,,,,,용어집
glossary-1e8fb1t5,용어집,11. 개인정보 · 법률 용어 (메인 #privacy 전용),법정대리인,legal representative,,,,,,,,용어집
glossary-1y7xjow3,용어집,11. 개인정보 · 법률 용어 (메인 #privacy 전용),위임장,letter of authorization,,,,,,,,용어집
glossary-1e6zvds6,용어집,11. 개인정보 · 법률 용어 (메인 #privacy 전용),자동 수집 장치,automatic collection devices,,,,,,,,용어집
glossary-okccim3,용어집,11. 개인정보 · 법률 용어 (메인 #privacy 전용),시행일,effective date,,,,,,,,용어집
glossary-1pt5dhq4,용어집,11. 개인정보 · 법률 용어 (메인 #privacy 전용),전부 개정,full amendment,,,,,,,,용어집
glossary-15z86i011-1,용어집,구제 기관 — 공식 영문명,개인정보 분쟁조정위원회,Personal Information Dispute Mediation Committee,,,,,,,,용어집
glossary-1na9y3c10-1,용어집,구제 기관 — 공식 영문명,개인정보침해 신고센터,Privacy Infringement Report Center (KISA),,,,,,,,용어집
glossary-6yd4l610-1,용어집,구제 기관 — 공식 영문명,대검찰청 사이버수사과,Supreme Prosecutors' Office · Cyber Investigation Division,,,976행의 동일 기관명과 Cybercrime Investigation Division / Cyber Investigation Division 표기가 다름. 최신 기관 조직명 확인 후 단일 정식 명칭으로 통일.,,,,,용어집
glossary-2ibneo9-1,용어집,구제 기관 — 공식 영문명,경찰청 사이버수사국,National Police Agency · Cyber Investigation Bureau,,,977행 Cyber Bureau와 1001행 Cyber Investigation Bureau가 충돌. 최신 기관명과 담당 부서명 확인 후 반영.,,,,,용어집
x-index-1g8h0wk19,메인,6 구역소개 (#districts · zones 배열) · English,01 AI데이터 클러스터,Hyperscale at national flagship scale,,,⚠⚠ 1·2차 CSV 에 모두 없던 행 — 이번에 처음 봐 주세요.,,,,,번역 문구 · 신규
x-index-19by8ux19,메인,6 구역소개 (#districts · zones 배열) · English,02 첨단 바이오 클러스터,A hub for AI-driven drug R&D and small-to-mid CDMO,,,⚠⚠ 1·2차 CSV 에 모두 없던 행 — 이번에 처음 봐 주세요.,,,,,번역 문구 · 신규
x-index-1nr07yc18,메인,6 구역소개 (#districts · zones 배열) · English,03 푸드 물류 클러스터,"An AI cold-chain hub, and a base serving military catering demand",,,⚠⚠ 1·2차 CSV 에 모두 없던 행 — 이번에 처음 봐 주세요.,,,,,번역 문구 · 신규
x-index-1n7h8w521,메인,6 구역소개 (#districts · zones 배열) · English,04 바이오MICE 클러스터,Building a lasting bio-health industry community,,,⚠⚠ 1·2차 CSV 에 모두 없던 행 — 이번에 처음 봐 주세요.,,,,,번역 문구 · 신규
x-index-1czzf6318,메인,6 구역소개 (#districts · zones 배열) · English,05 비즈니스 콤플렉스,"Gangwon's gateway, where retail, offices and culture meet",,,⚠⚠ 1·2차 CSV 에 모두 없던 행 — 이번에 처음 봐 주세요.,,,,,번역 문구 · 신규
x-index-1jzfas717,메인,6 구역소개 (#districts · zones 배열) · English,06 하우징 콤플렉스,Housing and senior living with advanced technology and nature,,,⚠⚠ 1·2차 CSV 에 모두 없던 행 — 이번에 처음 봐 주세요.,,,,,번역 문구 · 신규
x-index-u60iw916,메인,6 구역소개 (#districts · zones 배열) · English,07 에듀 콤플렉스,A global 'thinking city' with education across the whole life course,,,⚠⚠ 1·2차 CSV 에 모두 없던 행 — 이번에 처음 봐 주세요.,,,,,번역 문구 · 신규
x-index-ncnym018,메인,6 구역소개 (#districts · zones 배열) · English,08 골프레저 콤플렉스,Wellness built on bio-smart and physical AI,,,⚠⚠ 1·2차 CSV 에 모두 없던 행 — 이번에 처음 봐 주세요.,,,,,번역 문구 · 신규
x-_shell-199c30c17,공통 셸,4. 페이지 제목 · 설명 (<title> · meta description) · English title,사업개요,Overview · B-CITY …,,,⚠⚠ 1·2차 CSV 에 모두 없던 행 — 이번에 처음 봐 주세요. 검색 결과에 그대로 나가는 글자입니다. 설명 상한 영문 155자.,,,,,번역 문구 · 신규
x-_shell-16aiaef26,공통 셸,4. 페이지 제목 · 설명 (<title> · meta description) · English description (자),사업개요,"A KRW 1.1 trillion, 3,632,899 m² urban development led by private enterprise under MOLIT, and a designated National High-Tech Strategic Industry Specialized Complex for bio. (151)",,,⚠⚠ 1·2차 CSV 에 모두 없던 행 — 이번에 처음 봐 주세요. 검색 결과에 그대로 나가는 글자입니다. 설명 상한 영문 155자.,,,,,번역 문구 · 신규
x-_shell-hxdnju15,공통 셸,4. 페이지 제목 · 설명 (<title> · meta description) · English title,입지,Location · B-CITY …,,,⚠⚠ 1·2차 CSV 에 모두 없던 행 — 이번에 처음 봐 주세요. 검색 결과에 그대로 나가는 글자입니다. 설명 상한 영문 155자.,,,,,번역 문구 · 신규
x-_shell-1t8ivqt24,공통 셸,4. 페이지 제목 · 설명 (<title> · meta description) · English description (자),입지,"Within an hour of Seoul and the surrounding metropolitan area, with the GTX-B extension, the 2nd Gyeongchun Expressway, airports and ports all within reach. (159)",,,⚠⚠ 1·2차 CSV 에 모두 없던 행 — 이번에 처음 봐 주세요. 검색 결과에 그대로 나가는 글자입니다. 설명 상한 영문 155자.,,,,,번역 문구 · 신규
x-_shell-1g8thy117,공통 셸,4. 페이지 제목 · 설명 (<title> · meta description) · English title,기대효과,Impact · B-CITY …,,,⚠⚠ 1·2차 CSV 에 모두 없던 행 — 이번에 처음 봐 주세요. 검색 결과에 그대로 나가는 글자입니다. 설명 상한 영문 155자.,,,,,번역 문구 · 신규
x-_shell-fy8tmo26,공통 셸,4. 페이지 제목 · 설명 (<title> · meta description) · English description (자),기대효과,"A self-sufficient city planned for approx. 16,000 residents in 6,366 households, with impact across the economy, industry, society, regions and the environment. (154)",,,⚠⚠ 1·2차 CSV 에 모두 없던 행 — 이번에 처음 봐 주세요. 검색 결과에 그대로 나가는 글자입니다. 설명 상한 영문 155자.,,,,,번역 문구 · 신규
x-_shell-1vfetk417,공통 셸,4. 페이지 제목 · 설명 (<title> · meta description) · English title,추진일정,Timeline · B-CITY …,,,⚠⚠ 1·2차 CSV 에 모두 없던 행 — 이번에 처음 봐 주세요. 검색 결과에 그대로 나가는 글자입니다. 설명 상한 영문 155자.,,,,,번역 문구 · 신규
x-_shell-11tgov26,공통 셸,4. 페이지 제목 · 설명 (<title> · meta description) · English description (자),추진일정,"From the 2023 call for Enterprise Innovation Park proposals to full completion in 2033 — progress to date and the road ahead, year by year. (143)",,,⚠⚠ 1·2차 CSV 에 모두 없던 행 — 이번에 처음 봐 주세요. 검색 결과에 그대로 나가는 글자입니다. 설명 상한 영문 155자.,,,,,번역 문구 · 신규
x-_shell-ii7ce417,공통 셸,4. 페이지 제목 · 설명 (<title> · meta description) · English title,사업주체,Developer · B-CITY …,,,⚠⚠ 1·2차 CSV 에 모두 없던 행 — 이번에 처음 봐 주세요. 검색 결과에 그대로 나가는 글자입니다. 설명 상한 영문 155자.,,,,,번역 문구 · 신규
x-_shell-hpljvr26,공통 셸,4. 페이지 제목 · 설명 (<title> · meta description) · English description (자),사업주체,"A PFV structure selected by MOLIT, funded by Gangwon State and Chuncheon City, and anchored by Douzone Bizon. Meet the partners behind B-CITY. (141)",,,⚠⚠ 1·2차 CSV 에 모두 없던 행 — 이번에 처음 봐 주세요. 검색 결과에 그대로 나가는 글자입니다. 설명 상한 영문 155자.,,,,,번역 문구 · 신규
x-_shell-14v94kr16,공통 셸,4. 페이지 제목 · 설명 (<title> · meta description) · English title,브랜드,Brand · B-CITY …,,,⚠⚠ 1·2차 CSV 에 모두 없던 행 — 이번에 처음 봐 주세요. 검색 결과에 그대로 나가는 글자입니다. 설명 상한 영문 155자.,,,,,번역 문구 · 신규
x-_shell-j8djxu25,공통 셸,4. 페이지 제목 · 설명 (<title> · meta description) · English description (자),브랜드,"Where the city and biotechnology become one. The B-CITY brand name, symbol, logotype system and the three-color palette of Indigo, Mint and Azure. (147)",,,⚠⚠ 1·2차 CSV 에 모두 없던 행 — 이번에 처음 봐 주세요. 검색 결과에 그대로 나가는 글자입니다. 설명 상한 영문 155자.,,,,,번역 문구 · 신규
x-_shell-6am05w15,공통 셸,4. 페이지 제목 · 설명 (<title> · meta description) · English title,컨셉,Concept · B-CITY …,,,⚠⚠ 1·2차 CSV 에 모두 없던 행 — 이번에 처음 봐 주세요. 검색 결과에 그대로 나가는 글자입니다. 설명 상한 영문 155자.,,,,,번역 문구 · 신규
x-_shell-d3r96724,공통 셸,4. 페이지 제목 · 설명 (<title> · meta description) · English description (자),컨셉,AI DATA · BIO INDUSTRY · PHYSICAL AI · FOOD CLUSTER — four axes that together form a hub for the industries of the future. (123),,,⚠⚠ 1·2차 CSV 에 모두 없던 행 — 이번에 처음 봐 주세요. 검색 결과에 그대로 나가는 글자입니다. 설명 상한 영문 155자.,,,,,번역 문구 · 신규
x-_shell-1qnf1nw17,공통 셸,4. 페이지 제목 · 설명 (<title> · meta description) · English title,구역 소개,Districts · B-CITY …,,,⚠⚠ 1·2차 CSV 에 모두 없던 행 — 이번에 처음 봐 주세요. 검색 결과에 그대로 나가는 글자입니다. 설명 상한 영문 155자.,,,,,번역 문구 · 신규
x-_shell-1dkhzyv26,공통 셸,4. 페이지 제목 · 설명 (<title> · meta description) · English description (자),구역 소개,"Four industrial clusters — AI, bio, food and MICE — and four living complexes. Land use and areas for all eight districts across 3.63 million m². (146)",,,⚠⚠ 1·2차 CSV 에 모두 없던 행 — 이번에 처음 봐 주세요. 검색 결과에 그대로 나가는 글자입니다. 설명 상한 영문 155자.,,,,,번역 문구 · 신규
x-_shell-1665n6z17,공통 셸,4. 페이지 제목 · 설명 (<title> · meta description) · English title,정주환경,Living · B-CITY …,,,⚠⚠ 1·2차 CSV 에 모두 없던 행 — 이번에 처음 봐 주세요. 검색 결과에 그대로 나가는 글자입니다. 설명 상한 영문 155자.,,,,,번역 문구 · 신규
x-_shell-7cm41e26,공통 셸,4. 페이지 제목 · 설명 (<title> · meta description) · English description (자),정주환경,"A self-contained neighborhood where work, home, schools and culture all sit within the same city, minutes apart. (113)",,,⚠⚠ 1·2차 CSV 에 모두 없던 행 — 이번에 처음 봐 주세요. 검색 결과에 그대로 나가는 글자입니다. 설명 상한 영문 155자.,,,,,번역 문구 · 신규
x-_shell-a4dae318,공통 셸,4. 페이지 제목 · 설명 (<title> · meta description) · English title,투자·입주,Invest · B-CITY …,,,⚠⚠ 1·2차 CSV 에 모두 없던 행 — 이번에 처음 봐 주세요. 검색 결과에 그대로 나가는 글자입니다. 설명 상한 영문 155자.,,,,,번역 문구 · 신규
x-_shell-8e3w0y27,공통 셸,4. 페이지 제목 · 설명 (<title> · meta description) · English description (자),투자·입주,"The Special Act on the Development of Enterprise Cities lowers the land-control threshold to 50%, with fast-track permits and tax relief for tenants. (149)",,,⚠⚠ 1·2차 CSV 에 모두 없던 행 — 이번에 처음 봐 주세요. 검색 결과에 그대로 나가는 글자입니다. 설명 상한 영문 155자.,,,,,번역 문구 · 신규
x-_shell-1ynxc1x17,공통 셸,4. 페이지 제목 · 설명 (<title> · meta description) · English title,회사소개,About Us · B-CITY …,,,⚠⚠ 1·2차 CSV 에 모두 없던 행 — 이번에 처음 봐 주세요. 검색 결과에 그대로 나가는 글자입니다. 설명 상한 영문 155자.,,,,,번역 문구 · 신규
x-_shell-1dvpsr026,공통 셸,4. 페이지 제목 · 설명 (<title> · meta description) · English description (자),회사소개,"Biotech Innovalley PFV Co., Ltd., the developer of B-CITY Chuncheon Enterprise Innovation Park — company profile, vision, structure and contacts. (143)",,,⚠⚠ 1·2차 CSV 에 모두 없던 행 — 이번에 처음 봐 주세요. 검색 결과에 그대로 나가는 글자입니다. 설명 상한 영문 155자.,,,,,번역 문구 · 신규
x-_shell-1adzxsr17,공통 셸,4. 페이지 제목 · 설명 (<title> · meta description) · English title,공지사항,Notices · B-CITY …,,,⚠⚠ 1·2차 CSV 에 모두 없던 행 — 이번에 처음 봐 주세요. 검색 결과에 그대로 나가는 글자입니다. 설명 상한 영문 155자.,,,,,번역 문구 · 신규
x-_shell-1v181r626,공통 셸,4. 페이지 제목 · 설명 (<title> · meta description) · English description (자),공지사항,"News from B-CITY — progress on the Integrated Development Plan, residents' briefings, and guidance for prospective tenants and investors. (137)",,,⚠⚠ 1·2차 CSV 에 모두 없던 행 — 이번에 처음 봐 주세요. 검색 결과에 그대로 나가는 글자입니다. 설명 상한 영문 155자.,,,,,번역 문구 · 신규
x-_shell-7l8xw517,공통 셸,4. 페이지 제목 · 설명 (<title> · meta description) · English title,언론보도,Press · B-CITY …,,,⚠⚠ 1·2차 CSV 에 모두 없던 행 — 이번에 처음 봐 주세요. 검색 결과에 그대로 나가는 글자입니다. 설명 상한 영문 155자.,,,,,번역 문구 · 신규
x-_shell-1l5ir6k26,공통 셸,4. 페이지 제목 · 설명 (<title> · meta description) · English description (자),언론보도,"Press coverage of B-CITY Chuncheon Enterprise Innovation Park: project selection, progress, industry attraction and special-zone designations. (141)",,,⚠⚠ 1·2차 CSV 에 모두 없던 행 — 이번에 처음 봐 주세요. 검색 결과에 그대로 나가는 글자입니다. 설명 상한 영문 155자.,,,,,번역 문구 · 신규
x-_shell-4be25017,공통 셸,4. 페이지 제목 · 설명 (<title> · meta description) · English title,홍보영상,Videos · B-CITY …,,,⚠⚠ 1·2차 CSV 에 모두 없던 행 — 이번에 처음 봐 주세요. 검색 결과에 그대로 나가는 글자입니다. 설명 상한 영문 155자.,,,,,번역 문구 · 신규
x-_shell-1cav31r26,공통 셸,4. 페이지 제목 · 설명 (<title> · meta description) · English description (자),홍보영상,"B-CITY on film: city renderings, district walkthroughs and project briefings, available to view in place. (105)",,,⚠⚠ 1·2차 CSV 에 모두 없던 행 — 이번에 처음 봐 주세요. 검색 결과에 그대로 나가는 글자입니다. 설명 상한 영문 155자.,,,,,번역 문구 · 신규
x-_shell-179olwz16,공통 셸,4. 페이지 제목 · 설명 (<title> · meta description) · English title,갤러리,Gallery · B-CITY …,,,⚠⚠ 1·2차 CSV 에 모두 없던 행 — 이번에 처음 봐 주세요. 검색 결과에 그대로 나가는 글자입니다. 설명 상한 영문 155자.,,,,,번역 문구 · 신규
x-_shell-orv6a225,공통 셸,4. 페이지 제목 · 설명 (<title> · meta description) · English description (자),갤러리,"Renderings and photographs of B-CITY — city views, district renderings, events and site records, all viewable full size by category. (133)",,,⚠⚠ 1·2차 CSV 에 모두 없던 행 — 이번에 처음 봐 주세요. 검색 결과에 그대로 나가는 글자입니다. 설명 상한 영문 155자.,,,,,번역 문구 · 신규
x-_shell-59oa8o16,공통 셸,4. 페이지 제목 · 설명 (<title> · meta description) · English title,발행물,Publications · B-CITY …,,,⚠⚠ 1·2차 CSV 에 모두 없던 행 — 이번에 처음 봐 주세요. 검색 결과에 그대로 나가는 글자입니다. 설명 상한 영문 155자.,,,,,번역 문구 · 신규
x-_shell-jf6f4325,공통 셸,4. 페이지 제목 · 설명 (<title> · meta description) · English description (자),발행물,"Project materials for B-CITY: the information memorandum, brochures, reports and catalogs, viewable on screen or available to download. (136)",,,⚠⚠ 1·2차 CSV 에 모두 없던 행 — 이번에 처음 봐 주세요. 검색 결과에 그대로 나가는 글자입니다. 설명 상한 영문 155자.,,,,,번역 문구 · 신규
x-_shell-1tvynav16,공통 셸,4. 페이지 제목 · 설명 (<title> · meta description) · English title,404,Page not found · B-CITY …,,,⚠⚠ 1·2차 CSV 에 모두 없던 행 — 이번에 처음 봐 주세요. 검색 결과에 그대로 나가는 글자입니다. 설명 상한 영문 155자.,,,,,번역 문구 · 신규
x-_shell-xzrin225,공통 셸,4. 페이지 제목 · 설명 (<title> · meta description) · English description (자),404,"The page you requested does not exist. Please use the Business, City, Invest & Locate or PR Center menus to locate the page you require. (136)",,,⚠⚠ 1·2차 CSV 에 모두 없던 행 — 이번에 처음 봐 주세요. 검색 결과에 그대로 나가는 글자입니다. 설명 상한 영문 155자.,,,,,번역 문구 · 신규
x-_shell-kovb1o21,공통 셸,4. 페이지 제목 · 설명 (<title> · meta description) · English title,문의하기(숨김),Contact · B-CITY …,,,⚠⚠ 1·2차 CSV 에 모두 없던 행 — 이번에 처음 봐 주세요. 검색 결과에 그대로 나가는 글자입니다. 설명 상한 영문 155자.,,,,,번역 문구 · 신규
x-_shell-1p9pvx330,공통 셸,4. 페이지 제목 · 설명 (<title> · meta description) · English description (자),문의하기(숨김),"Address, main phone number, website and directions for Biotech Innovalley PFV Co., Ltd., the developer of B-CITY. (112)",,,⚠⚠ 1·2차 CSV 에 모두 없던 행 — 이번에 처음 봐 주세요. 검색 결과에 그대로 나가는 글자입니다. 설명 상한 영문 155자.,,,,,번역 문구 · 신규
x-glossary-1kj3h7b9,용어집,7. 단위 · 숫자 — 이 절이 가장 손이 많이 갔다 · 영어,약 1.1조원,approx. KRW 1.1 trillion,,,⚠⚠ 1·2차 CSV 에 모두 없던 행 — 이번에 처음 봐 주세요.,,,,,용어집 · 신규
x-glossary-1162u2b8,용어집,7. 단위 · 숫자 — 이 절이 가장 손이 많이 갔다 · 영어,0.9조원,KRW 0.9 trillion,,,⚠⚠ 1·2차 CSV 에 모두 없던 행 — 이번에 처음 봐 주세요.,,,,,용어집 · 신규
x-glossary-1twr6s47,용어집,7. 단위 · 숫자 — 이 절이 가장 손이 많이 갔다 · 영어,연 2조원,KRW 2 trillion a year,,,⚠⚠ 1·2차 CSV 에 모두 없던 행 — 이번에 처음 봐 주세요.,,,,,용어집 · 신규
x-glossary-yt8ntm9,용어집,7. 단위 · 숫자 — 이 절이 가장 손이 많이 갔다 · 영어,최대 300억,up to KRW 30 billion,,,⚠⚠ 1·2차 CSV 에 모두 없던 행 — 이번에 처음 봐 주세요.,,,,,용어집 · 신규
x-glossary-1fdfzag11,용어집,7. 단위 · 숫자 — 이 절이 가장 손이 많이 갔다 · 영어,"최대 1,000억",up to KRW 100 billion,,,⚠⚠ 1·2차 CSV 에 모두 없던 행 — 이번에 처음 봐 주세요.,,,,,용어집 · 신규
x-glossary-jjct4j13,용어집,7. 단위 · 숫자 — 이 절이 가장 손이 많이 갔다 · 영어,"3,632,899㎡","3,632,899 m²",,,⚠⚠ 1·2차 CSV 에 모두 없던 행 — 이번에 처음 봐 주세요.,,,,,용어집 · 신규
x-glossary-1dwvg5p13,용어집,7. 단위 · 숫자 — 이 절이 가장 손이 많이 갔다 · 영어,"1,098,952평","1,098,952 pyeong (≈ 363 ha)",,,⚠⚠ 1·2차 CSV 에 모두 없던 행 — 이번에 처음 봐 주세요.,,,,,용어집 · 신규
x-glossary-12wdn3m9,용어집,7. 단위 · 숫자 — 이 절이 가장 손이 많이 갔다 · 영어,약 110만평,approx. 3.63 million m² (1.1 million pyeong),,,⚠⚠ 1·2차 CSV 에 모두 없던 행 — 이번에 처음 봐 주세요.,,,,,용어집 · 신규
x-glossary-7qv4ef10,용어집,7. 단위 · 숫자 — 이 절이 가장 손이 많이 갔다 · 영어,약 65.2만평,"approx. 2.16 million m² (652,000 pyeong)",,,⚠⚠ 1·2차 CSV 에 모두 없던 행 — 이번에 처음 봐 주세요.,,,,,용어집 · 신규
x-glossary-xbb9bx14,용어집,7. 단위 · 숫자 — 이 절이 가장 손이 많이 갔다 · 영어,약 6.2만평 등 권역 면적,"approx. 207,000 m² (62,765 pyeong)",,,⚠⚠ 1·2차 CSV 에 모두 없던 행 — 이번에 처음 봐 주세요.,,,,,용어집 · 신규
x-glossary-mar0w415,용어집,7. 단위 · 숫자 — 이 절이 가장 손이 많이 갔다 · 영어,여의도 면적의 약 1.25배,about 1.25 times the area of Yeouido,,,⚠⚠ 1·2차 CSV 에 모두 없던 행 — 이번에 처음 봐 주세요.,,,,,용어집 · 신규
x-glossary-52mip211,용어집,7. 단위 · 숫자 — 이 절이 가장 손이 많이 갔다 · 영어,"16,000여 명","approx. 16,000",,,⚠⚠ 1·2차 CSV 에 모두 없던 행 — 이번에 처음 봐 주세요.,,,,,용어집 · 신규
x-glossary-9h2m1l10,용어집,7. 단위 · 숫자 — 이 절이 가장 손이 많이 갔다 · 영어,"6,366세대","6,366 households",,,⚠⚠ 1·2차 CSV 에 모두 없던 행 — 이번에 처음 봐 주세요.,,,,,용어집 · 신규
x-glossary-1spr3ls8,용어집,7. 단위 · 숫자 — 이 절이 가장 손이 많이 갔다 · 영어,435MW,435 MW,,,⚠⚠ 1·2차 CSV 에 모두 없던 행 — 이번에 처음 봐 주세요.,,,,,용어집 · 신규
x-glossary-1m8a81h8,용어집,7. 단위 · 숫자 — 이 절이 가장 손이 많이 갔다 · 영어,154kV,154 kV,,,⚠⚠ 1·2차 CSV 에 모두 없던 행 — 이번에 처음 봐 주세요.,,,,,용어집 · 신규
x-glossary-gcgrxp9,용어집,7. 단위 · 숫자 — 이 절이 가장 손이 많이 갔다 · 영어,"6,570m","6,570 m",,,⚠⚠ 1·2차 CSV 에 모두 없던 행 — 이번에 처음 봐 주세요.,,,,,용어집 · 신규
x-glossary-vo4ha56,용어집,7. 단위 · 숫자 — 이 절이 가장 손이 많이 갔다 · 영어,26%,26%,,,⚠⚠ 1·2차 CSV 에 모두 없던 행 — 이번에 처음 봐 주세요.,,,,,용어집 · 신규
x-glossary-4py84s8,용어집,7. 단위 · 숫자 — 이 절이 가장 손이 많이 갔다 · 영어,4~6차로,4–6 lanes,,,⚠⚠ 1·2차 CSV 에 모두 없던 행 — 이번에 처음 봐 주세요.,,,,,용어집 · 신규
x-glossary-v1cf514,용어집,7. 단위 · 숫자 — 이 절이 가장 손이 많이 갔다 · 영어,서울 40분 · 잠실 40분,40 min,,,⚠⚠ 1·2차 CSV 에 모두 없던 행 — 이번에 처음 봐 주세요.,,,,,용어집 · 신규
x-glossary-rruatc9,용어집,7. 단위 · 숫자 — 이 절이 가장 손이 많이 갔다 · 영어,1시간 생활권,within an hour,,,⚠⚠ 1·2차 CSV 에 모두 없던 행 — 이번에 처음 봐 주세요.,,,,,용어집 · 신규
x-glossary-1gzxfez19,용어집,7. 단위 · 숫자 — 이 절이 가장 손이 많이 갔다 · 영어,2024.03.27 (타임라인),2024.03.27,,,⚠⚠ 1·2차 CSV 에 모두 없던 행 — 이번에 처음 봐 주세요.,,,,,용어집 · 신규
x-glossary-1bi9y7g17,용어집,7. 단위 · 숫자 — 이 절이 가장 손이 많이 갔다 · 영어,2025년 8월 28일 (본문),"August 28, 2025",,,⚠⚠ 1·2차 CSV 에 모두 없던 행 — 이번에 처음 봐 주세요.,,,,,용어집 · 신규
x-glossary-uameam11,용어집,7. 단위 · 숫자 — 이 절이 가장 손이 많이 갔다 · 영어,1Q · 2Q · 4Q,Q1 · Q2 · Q4,,,⚠⚠ 1·2차 CSV 에 모두 없던 행 — 이번에 처음 봐 주세요.,,,,,용어집 · 신규
x-glossary-11q4x9x9,용어집,7. 단위 · 숫자 — 이 절이 가장 손이 많이 갔다 · 영어,08~10월,Aug–Oct,,,⚠⚠ 1·2차 CSV 에 모두 없던 행 — 이번에 처음 봐 주세요.,,,,,용어집 · 신규
x-glossary-1bmtixr14,용어집,7. 단위 · 숫자 — 이 절이 가장 손이 많이 갔다 · 영어,제2023-1077호,No. 2023-1077,,,⚠⚠ 1·2차 CSV 에 모두 없던 행 — 이번에 처음 봐 주세요.,,,,,용어집 · 신규
x-glossary-dj0kou15,용어집,7. 단위 · 숫자 — 이 절이 가장 손이 많이 갔다 · 영어,883-81-03982,그대로,,,⚠⚠ 1·2차 CSV 에 모두 없던 행 — 이번에 처음 봐 주세요.,,,,,용어집 · 신규
REVIEW-G01,공통,개인정보처리방침 본문,,,,,12개 조항·표·보유기간·수탁자·연락처·시행일의 영문 본문 누락. 최종 국문을 기준으로 별도 번역 행을 추가.,,,,,추가 확인사항
REVIEW-G02,공통,게시물·자료·영상,,,,,실제 게시물 제목/본문·발행물 제목/파일명·영상 자막은 템플릿 문구와 별도로 번역.,,,,,추가 확인사항
REVIEW-G03,공통,국제번호 문의 폼,,,,,현재 국내 01x 전용 로직과 국제번호 예시가 충돌. 입력 제한·국가번호·프런트/서버 검증을 함께 수정.,,,,,추가 확인사항
REVIEW-G04,공통,API 값·변수·카운트업,,,,,ID·템플릿 변수·API 키/관심분야 계약값을 화면 번역과 구분. 면적 단위 변경 시 카운트업의 값도 정본 기준으로 수정.,,,,,추가 확인사항
REVIEW-G05,입지·구역 소개,지도·이미지 내 문구,,,,,PNG·외부 SVG·동영상 내 국문은 CSV 교체만으로 바뀌지 않음. 별도 자산 대응표 작성.,,,,,추가 확인사항
REVIEW-G06,공통,KO↔EN 전환·메타,,,,,동일 페이지·권역/탭을 유지하는 언어전환. lang·title·description·hreflang·canonical·aria·alt·오류/빈 상태 확인.,,,,,추가 확인사항
REVIEW-G07,메인·사업주체·구역 소개,반응형 레이아웃,,,,,모바일 카피를 채웠다는 것만으로 레이아웃 검증 완료는 아님. 4열 탭·5열 카드·히어로·고정 지표의 줄바꿈 및 겹침 확인.,,,,,추가 확인사항
REVIEW-G08,공통,컨펌 기록·재검증 절차,,,,,PC/모바일 컨펌 상태는 승인·수정 요청·보류 중 하나로 기록. 실무자가 변경한 문구는 각 확정본 열에 입력하고 근거·의견을 남김. 모바일 별도 카피가 없으면 PC 공용 여부를 확인. 모든 컨펌 상태는 초기 미검토이며 실제 화면 검증은 별도.,,,,,추가 확인사항
